agent,total_clients,active_count,inactive_count,inactive_clients_1,active_clients_1,inactive_clients_2,inactive_clients_3,inactive_clients_4,inactive_clients_5,inactive_clients_6,inactive_clients_7,inactive_clients_8,inactive_clients_9,inactive_clients_10,inactive_clients_11,inactive_clients_12,inactive_clients_13,inactive_clients_14,inactive_clients_15
45856,1,0,1,cmdhrmdr7,,,,,,,,,,,,,,,
active,3,0,3,"cshhvm247,csjony247,csrajj77",,,,,,,,,,,,,,,
akash,79,1,78,"csabhi247,csabuslm7,csahu247,csajoy247,csakasb7,csakspl247,csalip247,csanktt7,csankur7,csanuj7,csarjun7,csarjunb7,csarman77,csaun247,csaura7,csavnsh7,csbbsk7,csbgbti7,csbgirt7,csblram247,csbpi7,csbsdvb7,cscdhu7,csdeepk7,csdlip7,csfirozz7,cshimnsu7,cshnna7,cshsmi247,csidrth7,cskirn77,csklyni7,csknder7,cskskmr7,cskush7,cslpkapal7,csmanish7,csmhess7,csmkar7,csmnojj7,csmnr247,csnandni7,csndpv7,csneha7,csnill7,csnjur247,csnkkhl7,csprdpgpta7,cspritm247,csprtpp7,cspusparaj7,csquen7,csranjt7,csrdhr7,csresh7,csrjnsh7,csroht247,csrrrajj7,csrshi7,csrshid7,csruksh7,cssbndu247,cssndep77,cssnha7,cssrhul7,cssvind7,csubz7,csudy7,csujn247,csures247,csurkhn7,csvnod247,csvpl777,csvshli7,csvvijy7,Deepakindian,mkaran,Prem9821",csakasb7,,,,,,,,,,,,,,
anil,6,0,6,"csbhau7,csmnish77,csrjn7,csrmbl7,csvd247,csvkks7",,,,,,,,,,,,,,,
annu,2,0,2,"csanil247,csgnpt247",,,,,,,,,,,,,,,
arjun,5,0,5,"csawdsh7,csimrrn7,cskpu7,csrajkmr7,Lokanath1973",,,,,,,,,,,,,,,
arjun(rp),112,4,108,"csaamit7,csabbhi7,csabhisk7,csabskh7,csadin777,csahi7,csakhl7,csaksmtr7,csamirr7,csamr77,csamsi7,csandpp7,csaniil7,csankiit7,csankit77,csannl7,csardh7,csarf7,csasuzre7,csbhart247,csbhvy7,csbikl7,csbuji7,cschandn247,cschran7,csdheer7,csdhnj7,csdhrj77,csdiins7,csdipk7,csdpkk7,csdthrdy247,csfraj7,csgautm7,csgrija7,csgss7,csgunm7,cshmnth77,csiid77,csjls7,csjpkng7,csjvn7,csklyn77,cskmrr7,cskrank7,cskrrn77,cskuldp7,csmales7,csmduvir7,csmhnder7,csmmhn7,csmni7,csmnishk7,csmojs77,csmul7,csmustrf7,csnaresh7,csnkr7,csnlsh7,csnrd7,csnthn7,csntosh7,cspbi7,cspkjmra7,cspnc7,csprba7,csprmh7,csprrvin7,csprtp777,cspuskr7,csravii7,csrchna7,csriinth7,csrisil7,csrjj77,csrjjuu7,csrjswri7,csrohitt7,csroy7,csrrhull7,csrrvii77,cssahl7,cssddu7,csshiil7,cssiiv7,cssikr7,cssintu7,cssnnu77,cssprthi7,cssrknt7,cssrssh7,cssursh7,cssus7,csunl77,csuraj7,csvenky777,csvisnu7,csvissl247,csvkass7,csvmsii7,csvnkyy7,csvst7,csvvcky7,csyashodha8,csyrajj7,csysir7,csyswnth7,dpmshashi","csaamit7,csadin777,csdheer7,csklyn77",,,,,,,,,,,,,,
avinash,109,3,106,"csabdlm7,csajmat7,csakash7,csakt7,csakt77,csalim7,csameen7,csami247,csannj7,csapt7,csarjun77,csarn77,csarshd7,csatif7,csayan7,csbabb7,csbrbl7,cschr7,cscotu7,csdepk7,csdpk77,csdpnk7,csdpnkr7,cseklvya7,csfrzna7,csfwan7,csgkm7,csgolm7,csgpsng7,csgulf7,csgvnd777,cshrnp247,cshvz7,csimrn777,csirfn7,csisir7,csjsim7,csjtdr77,csjubr7,cskalyn7,cskasim247,csking77,cskisr247,cskmlsh7,csknal247,csknal7,cskrnn7,cslaln7,cslxxmn7,csmdkshi7,csmeer7,csmgval7,csmhdmed7,csmhnda7,csmitn7,csmjb247,csmrkndy7,csmrky7,csmser7,csnagndrap7,csnawz247,csnisnt7,csnits7,csnnrrj7,csnrjs7,csnthbm7,csnwar7,csnyaz247,cspapu7,cspkj77,cspltu7,csprbu77,csprinc7,csprthm7,cspyl7,csramksn7,csramndp7,csrhmn7,csrhttt7,csrisnt7,cssgar77,csshvam7,csslmp247,cssmer7,cssmprna7,cssonilk7,cssrdr77,csstndra7,cssurv7,cstbrez7,cstnku7,cstymir7,csudyvr7,csukhnp7,csusil77,csvansh7,csviks77,csvinay247,csvisrm7,csvks77,csvkyrj7,csvnkts7,csygsh7,imran8787,morpalregar7,vishuu011","csnyaz247,csslmp247,vishuu011",,,,,,,,,,,,,,
danish,6,0,6,"csmali7,csrsid7,csumsh7,csvksthh7,cswsiim7,csysh77",,,,,,,,,,,,,,,
david sir,135,7,128,"csabit247,csahr7,csajyk7,csaksh777,csalks7,csamnk7,csamrkmr7,csamtkc247,csana7,csandp7,csanesh7,csanis247,csankt77,csansr77,csanth7,csany7,csarvdkmr7,csashk247,csatul7,csbharat7,csbhba247,csbhi7,csblsh7,csbtu7,cschna247,cschndu247,cschnkmr7,csdinsh247,csdrsn7,csdva247,csfaiis7,csfaizl7,csfs7,csgkl247,csgru777,cshero7,cshnf7,cshrndr7,csivva7,csjdub7,csjid7,csjnya77,cskirnkmr7,csklp247,csklsh247,csklyn247,csknchnk7,csknha777,cskrshna7,csksiah247,cslikita7,cslli247,cslvm7,csmahe247,csmann7,csmda247,csmdhn7,csmdhub7,csmles7,csmmani7,csmni77,csmnj247,csmnoj247,csmntu77,csmsh247,csmshe247,csmsiha7,csmthml7,csmukl7,csnadu7,csnaga777,csnkhl247,csnktyd7,csnndp7,csnthsh7,csntnk247,csnvid7,csomm7,csouji7,cspja7,cspndur7,cspntr7,csprdip777,csprmd77,csprthbn7,csprthvi247,cspsha7,cspspndra7,cspvin7,cspvnk7,cspvshk7,cspwn77,csrahl777,csravndra7,csrbin7,csrhn7,csrhtkmr7,csrjjn7,csrjndrc7,csrjt7,csrjukn7,csrkshpr7,csrmesh7,csrnjtk7,csrrkes77,csruby7,csryvrj7,cssaiy7,csshd7,csshkl7,csskthvl7,cssky7,csskyb7,cssndeep7,cssndip7,cssrndh7,cssrya247,cssyntn7,cstshr7,csubhs7,csuhil7,csvikas7,csvishl7,csvjyrkr7,csvktsai247,csvnki7,csvnktsh7,uvarsha247","csashk247,csbhba247,cschna247,csklyn247,csmann7,csmntu77,csskyb7",,,,,,,,,,,,,,
denny,96,3,93,"Aqibnazirmir,csabhhi7,csabhi77,csacth7,csadtysi7,csalmbs7,csamnn247,csamsng7,csarjn77,CSBABU7,csbglh7,csbila7,csbshi7,csbtina7,cscandu7,cschina7,cschndn7,cschndu7,cscndrsk7,csdevi777,csdhnu7,csggnsh7,csglm7,cshari77,cshbhm7,cshr7,csiva7,csjgish7,csjhgir7,csjonyy7,csjrdhna7,cskirn777,cskmrn247,cskurm7,cskurmrti7,cslva7,csmahndr77,csmddy7,csmdsmn7,csmhhes7,csmhndr247,csmhnr7,csmjd7,csmmn7,csngenr7,csnres77,csnress7,csnths7,csoonu7,csprasnth7,csprbs7,cspvnn77,cspvnrj7,csraju777,csrckyb7,csret247,csrisai7,csrjni7,csrjsh777,csrjskr247,csrkes777,csrmji7,csrmsh77,csrohht7,csrrjju77,csrrvvi7,csrvi77,csrwdy7,cssatsh7,csshkk7,csshva77,cssiknth7,cssndep247,cssnikmr7,cssrs7,cssures7,cssvjy7,csthkur7,cstllu7,csudp7,csultn7,csuny7,csvdnt247,csvdva7,csvedntt7,csvenkt7,csverb7,csviki7,csvkrma7,csvmsi7,csvmssi7,csvnkky7,csvnu7","csrrvvi7,cssures7,csuny7",,,,,,,,,,,,,,
direct,32,2,30,"Akashcs7,csaman777,csamyra7,csbhvk247,csdhrik7,csdvraj7,cshkim7,csjhn247,csjnid7,CSKAPL7,cskhokn7,csmks77,csmvck7,csnagarj7,Csnak77,csngrj7,cspmrj247,csppun7,cspratp7,csprsdr247,csramu777,Csrishanth7,csrj247,csrjiv7,csrmsrm7,Csssm8,cssuku247,cstony247,csvisl247,csvkss77","Akashcs7,cspmrj247",,,,,,,,,,,,,,
diya,1,0,1,cskoil7,,,,,,,,,,,,,,,
hari,34,2,32,"bhanu9889,csamlraj247,csanil777,csaynshi7,csbpldas247,cscpnet247,csdinsh777,csgjndra7,cshaboor7,csharish7,cshrshl7,csiva777,csjtgry7,csjydv7,csklash7,cslxnm7,csnitya247,csnthl7,csprsd777,csraavii7,csrajju247,csrhul777,csrknt247,csrmsh247,csrmsngh7,cssaii7,cssbhm247,csshvu7,csstnrya7,csstsh247,cssva247,csvamsi7","csrknt247,cssbhm247",,,,,,,,,,,,,,
harish,2,0,2,"csmadhu7,csngakshr7",,,,,,,,,,,,,,,
harsh,107,10,97,"7972875733,csabijt247,csabjt7,csabul7,csaddil5247,csafzl247,csagr247,csaib247,csaii7,csajjsh7,csakas247,csamzd7,csaran247,csashok7,csatb7,csavnish7,csavsh7,csbbsng7,csbmnisha7,csbpal247,csbrby7,csbrjnk7,cschndrknt7,cschrg247,csdhyp7,csdipk247,csdnsh247,csdyasnkr7,csgnesh7,csgudu7,csguri7,cshik7,cshikzkr7,cshppy7,cshris77,csiqbl247,csjan7,csjdev7,csjhma7,csjkr7,csjykmr247,cskhusi7,cskisu247,cskno7,cskunl7,csmith247,csmnnsh247,csmstkn7,csmuni247,csmyk7,csnarsh7,csndass7,csnirj247,csnites7,csnrj77,csnsrg7,csntin247,csohu247,csoil7,cspk7,cspnday247,csprdip7,csprmskr7,csprnka7,csprnkaa247,csprth247,csrajs7,csrathr7,csrddy247,csrhit77,csrhl777,csrinku7,csrinkuml7,csrjjes77,csrjkmr7,csrki7,csrnukn7,cssalem247,cssamer7,csshib7,csshuv7,csskrn247,csslm7,cssmer247,cssmndl7,cssonuag247,cssudep7,cssuhm7,cssyed7,csunll77,csvali7,csvdnt7,csvnny77,csygsh247,csyogs247,Niraj951213,rajcs7","7972875733,csdnsh247,csguri7,cshikzkr7,csmnnsh247,csndass7,csrjjes77,csshib7,cssmer247,Niraj951213",,,,,,,,,,,,,,
heena,12,1,11,"csbsnu7,cskmy247,cskripl7,csloknth7,csndpp7,csnshd7,csrtha7,csvind247,csvisnt7,csys7,tejkumar90",csvisnt7,,,,,,,,,,,,,,
karthik,92,1,91,"csadty77,csanill77,csapu247,csarbz7,csarrn7,csbhmrju7,csbhnwrlal7,csbny7,cschnd7,csdheraj7,csdvns7,csfrhan7,csgglu7,csgkwd7,cshabz7,cshmnshu77,cshnnu7,cshrii7,cshrn7,csiimrrn7,csjagir7,csjai7,csjaki7,csjyti7,cskirn7,cskkmr77,cskohinor7,cskrtik7,cskrtk247,cslathf7,cslita7,csmgdh7,csmhra247,csmkshh247,csmnkta247,csnad7,csnaga7,csndep77,csngdr7,csngen7,csnithin7,csnitn7,csnsk7,cspappu77,cspatl7,cspnkj247,cspnwr7,cspprsad7,csprsad777,csprvn77,cspry77,csraghu247,csrai7,csrajaa7,csrajshh7,csrihari7,csrin77,csrinu7,csrjjes7,csrjshh7,csrjudas247,csrnjan7,csrraj7,csrram247,csrrju247,csrupsh7,csrv77,csrvvi7,cssarjn7,csschin77,cssgrdy247,cssnthu247,cssraju247,cssurbh7,cssvijayy7,cstbbu7,cstja77,cstni247,cstwri7,csudhrdy247,csuds7,csukmr7,csumr7,csundr247,csureshk7,csurs7,csvjyy77,csvnkat247,csvra7,csxver247,csysin7",csraghu247,,,,,,,,,,,,,,
mkt,10,0,10,"cmdshl7,cmgirs7,cmkhru7,cmkmrj7,cmntskr7,cmod247,cmrht7,cmsklhn7,cmvvk247,cssnlk247",,,,,,,,,,,,,,,
nancy,22,0,22,"csaaju7,csakh77,csandv247,csbdre247,csbhrl7,csbugyl7,csddrj7,cshml7,cshsin7,csid7,csjery7,cslky77,csmln7,csmnshk7,csomsek7,cspntu77,csprven77,csraajj7,csrrvvii7,cssilndr7,csvishnu7,ramesh705452",,,,,,,,,,,,,,,
neha,61,0,61,"CSAKSH77,csakss7,csaksy7,csangu7,csankrr77,csaruny247,csdnes77,csdnl247,csdnsh77,csfirz7,csgagn7,csgda247,csgmlsh247,csgnes7,cskirnn247,cskrrnn7,cskrsh7,csloksh7,csmbris7,csmdhv7,csmjnth247,csmnju247,csmnswy7,csmrti7,csnagrja247,csnges7,csngraj247,csngrm7,csnisr7,csnni77,csntu247,csnyn7,cspddi7,cspknj7,csprvin77,cspvnkr7,csrajkmrr7,csramu77,csrishi7,csrjes77,csrkess7,csrmrj7,csrnjt77,csrrma7,csrrmuu7,csrrvi247,csrul7,cssandy7,cssanjy7,cssdhu7,csshvkr7,cssitu7,csskbrli7,cssndy7,cssrvi247,cstshn7,csujnpa247,csumer247,csumes77,csunsi7,csures77",,,,,,,,,,,,,,,
nidhi,11,1,10,"csahilm7,csalpes7,csandeepk7,csanish77,csashshj7,csmgepa247,csoraj77,cssamitt7,cssvishal7,csvijyk7",cssamitt7,,,,,,,,,,,,,,
nisha,78,5,73,"angrru7,csaamirr7,csaandep7,csabhy777,csadhuchrn7,csadiy7,csahidd7,csahill7,csanass7,csannu247,csans247,csaurbhh247,csbhvrum7,csbjrng77,csdepkk7,csdineshk7,csdipkk7,csdpesh7,csdxt247,csgosaitlsi7,cshb7,cshnkr7,cshrrsh7,cshts7,csiirfan7,csimmran7,csimrnn77,csinamlh7,csisvrbhaid7,csjai247,csjdad247,csjjyy7,cskabr247,cskrish77,cslrgrji7,csmeer247,csmhdev247,csmnali7,csmnu77,csmonu7,csmukes247,csmzaml7,csnisha7,csnsa7,csnsh247,cspnt247,csprem777,cspwan7,csrahul777,csravr7,csrhan7,csrhtt247,csrites7,csrja777,csrjenderk7,csrjj17,csrot77,csrpkmr7,csrrj247,csrrja247,csschin777,csshivm7,cssmnju7,cssrajju7,cstapse7,cstlsi7,cstnzeem7,csyuvi7,cszfrlla7,cszkir7,Da965011,dhirapsingh,Sahil121200","csaandep7,csabhy777,csdepkk7,csdineshk7,Da965011",,,,,,,,,,,,,,
paresh,13,1,12,"csadm7,csaniil77,csanurg7,csbjrng7,csbrjj7,csnddy7,csnrnjn7,csprshh7,csrjnth7,csshn77,cswseq7,cszbr7",csprshh7,,,,,,,,,,,,,,
pawan,17,0,17,"csabhgyro7,csanlkmr7,csapu7,csarvnd7,csbhrti7,csbji77,csidhu7,csnnres7,csnresh77,csprkss7,csredy7,csrhll77,csrinth7,csrnka7,cssajd7,cssarz7,csusha7",,,,,,,,,,,,,,,
preeti,82,4,78,"923143,Akshaykumar05,csahl7,csajay777,csamrt77,csandhy7,csanll7,csanugr7,csanya7,csavsns7,csbhubli7,csbvrj247,cschim7,cschndu77,cschrult7,cschtn7,csdbss7,csdinns7,csdrhn7,csdrsnn7,csgnvdr7,csgrprsd7,csgvndr7,cshkarr247,cshmnha7,cshnmnkdi7,cshrsha247,cshsh247,csivnyk7,csivtrk7,cskanna7,csklypa7,cskmr77,cskrsda7,cskrthk7,cskvjy7,csmaruti7,csmehr7,csmhn247,csmili7,csmlkrj7,csmnjes7,csmnjnt7,csmnjpr247,csmpu7,csmrl7,csmstn7,csmvip7,csnaidu7,csnanjda7,csnavi7,csndis7,csntssh7,cspmp7,csprdip77,csprsad7,csprsn7,csprsna7,csprstrd7,csprsutm7,csrinu777,csrja77,csrjs247,csrkes77,csrmsh7,csrvvii7,csschn247,csscndmk7,cssddi7,cssngu7,cssnjju7,cssrht7,cstrnd7,csvenky7,csviji7,csvrsroj7,cswmmiy7,csyshh77","923143,csdrhn7,cshrsha247,cskanna7",,,,,,,,,,,,,,
radha,74,6,68,"Bhagwat12singh,csaamn7,csaju7,csarman7,csarpt7,csasn7,csays7,csberu7,csbnshi7,cschndr7,csdepak7,csdevu7,csdhrmdr77,csdhrrj247,csdines77,csggns7,csgns7,csgokl7,csgulb247,cshndu77,cshriks7,cshrsl247,csjgnya7,csjtdra7,csjtn7,csjty7,cskaalu7,cskakji7,csker7,cskrrm7,csksoni7,cslu7,csmatk7,csmhtt7,csmiit7,csmkskng7,csmnmt247,csnedha7,csntro7,csnynds7,cspihuu7,cspkng7,csprabjot7,csprdbbu7,csprsd247,csrab786,csrahull7,csrhji7,csrjnn7,csrjpal7,csrnjna247,csrnk7,csron247,csrrja7,csrtan7,csrvan77,cssarun7,csshanib7,csshil7,csshnkr247,cssivu7,cssking7,cssntosh7,cssonu777,csumess7,csvksh7,csvvjjy247,Sagu111","csarman7,csasn7,csays7,csjgnya7,cspihuu7,csvvjjy247",,,,,,,,,,,,,,
rahul,54,6,48,"csachlv7,csammn77,csanj77,csanrj7,csashrvd7,csasokk7,cschotoo7,cschri7,cscyt7,CSDILEEP7,csdins7,csgjn7,cshil7,cshro7,csivpsd7,csjmshd7,csjny7,csjstin7,cslemmd7,csmdasf7,csmdz7,csmhdfraz7,csmhns7,csmntshk7,csmukes7,csnges77,csnndl7,csnrdes7,csnrendr7,csnshant7,csnshnt7,csnvdp7,cspnkjj7,csprbir7,csprnce7,cspyshk7,csraja77,csram77,csrfkmla7,csrinvs7,csrits7,csrrhul77,csrsi7,csrts7,cssnto7,csury7,csysh777,cszisu7","cschotoo7,csjny7,cslemmd7,csmukes7,csnshant7,csrits7",,,,,,,,,,,,,,
rajesh,6,0,6,"csarrya7,csefi7,csprsu247,csrmes7,csrram7,cstps7",,,,,,,,,,,,,,,
rohan,96,2,94,"Bijoymiso,csaamitt7,csabdll7,csabhk247,csabhshk7,csabrar7,csafzl7,csagrkmr7,csahok247,csaji7,csajysid7,csakskmr7,csaltf7,csamir247,csannil247,csannil7,csarbj7,csarvvd7,csbai7,csbhgrth247,csbnty7,csbrth7,csbshl7,cscdrkb7,cschina247,cscin7,cscin77,cscirag7,csdad7,csdeev7,csdvkr247,csgnsym7,csgrsh7,csgurml7,csgurv7,cshantilalk7,cshjad7,cshl247,cshmsu7,cshres7,csiiv77,csiv7,csjaved7,csjtdrr7,csjtndra7,cskgswr7,cskskri7,cslvly7,csmdsfi7,csmjnu7,csmnh7,csmnjv7,csmrimthu7,csmustq7,csnil7,csnlvti7,csnoor77,csnridr7,csnryn247,csnsru247,csnukhn7,csomkr7,csonsd7,cspawn7,cspbhu7,csprksh247,csprmkr7,cspunm247,csraajj77,csrajg7,csrbhary247,csrghav247,csrghva247,csrgv7,csrjivn7,csrjlh7,csrmlkhn7,csrrksh7,csrshkmt7,csrvisgh7,csshiv777,csshv777,cssidrth7,cssnl7,cssnl77,cssre7,cssunill7,csthn7,cstufik7,cstyad7,csursh247,csysrj7,kjena52,sureshregar","csabhk247,csiiv77",,,,,,,,,,,,,,
ruhi,12,0,12,"csalm77,csaynmk7,csbhdrs7,cschndkt7,csdrog7,cshydn7,cskmes7,cskusik7,csrhlptl7,csrju77,csrndir7,csvrpl7",,,,,,,,,,,,,,,
sanjay,1,0,1,csnsib7,,,,,,,,,,,,,,,
sapna,80,3,77,"casitr7,csadrsh7,csadvika7,csaj777,csajyy77,csamiy7,csantos7,csarjn7,csarjun247,csaru77,csarvd77,csas7,csaynk7,csbablu7,csbajndr7,csbttu7,csbvna247,cschn7,csddpk7,csdins77,csdnsh777,csdnshh247,csdrm7,csdrmgl247,csgadhvi,csgtum7,csgurpit247,cshakam7,cshrdsng7,cshrprit7,cshrs7,cshvvm7,csiindr7,csindrjt7,csjanvi247,csjinthg7,csjtrs7,csjyti247,cskbr247,cskishna7,cskldpp7,cskrmjt7,cslimhra247,cslkya7,csndim7,csntos77,csnyla7,csodya7,csomi777,csonu77,cspint7,csprvnn7,csqsy7,csrajj247,csrana247,csrinku77,csrishu247,csrisv7,csrjjh7,csrnjn7,csrraajj77,csrrya7,csrshidk7,csrviii7,cssandep7,cssbhm7,cssdhtd7,csshrmak7,cssonuu7,cssurj7,cstripti7,csumit7,csverpl7,csvrdan7,cswseem7,Pratik9620,punit0803","csaj777,cshrprit7,csindrjt7",,,,,,,,,,,,,,
self,185,14,171,"anky4400,Ansnkth7,csaammt7,csaankit7,Csaask7,csabddl7,csabhy77,csablla247,csadity77,csadyt7,csakbkh7,csakramm7,csakshh777,csaliim7,csamam7,csambia7,csamrjt247,csanaya247,csanjji7,csanjuu7,csankkt7,csanlmtu7,csannll7,csanskt7,csansri77,csantosh7,csanujj247,csarbazz7,csarryn7,csarunn7,Csasa7,csasrful7,Csassh7,csbbl7,csbksh247,csblarm7,csblika7,csblram7,csbos77,csbskr7,csbunty7,csddv7,csdeepk77,csdlchnd7,csdpak77,csfaizp7,csfarman7,csflki247,csgovnd7,cshari777,cshnaprmr7,cshnif77,cshpr247,cshrvn247,cshsik7,cshyd7,csimran777,csistkr7,csjabu7,csjbbr247,cskaml777,cskebn7,cskml77,cskna7,csknhya7,csknrhl7,cskppl7,cskrmat7,cskrthdvka247,cskrthkya7,csksngh247,csloksh777,cslva77,cslwdr247,csmanesh7,csmanii247,csmanis77,csmaynk7,csmbin247,Csmdev7,csmdkshif7,csmera7,csmesh7,csmhabobsha7,csmhbl7,csmhendra7,csmir7,csmkhn7,csmmhes7,csmnsh777,csmshrd7,csmskan7,csmsloht7,csmtgp247,csmuzr7,csnagsw7,csneel77,csngtha7,csnish7,csnktp7,csnnv7,csnp777,csoib7,csomkr77,cspblo7,csprasadd247,cspsagar7,csptm7,cspurshotma7,cspvnn7,csrahull77,csramprits7,csrfrz7,Csrht77,csrinvasp247,csrj777,csrjknt7,csrmsh777,csrndra7,csrohitp7,csrraju247,csrrjaa7,csrtsh7,csrvis7,csry7,cssana7,cssawan7,csshiza7,Csshr7,cssmrat7,cssntos77,cssnuskh7,cssorav7,cssrhhh7,cssrhl7,cssrjsh7,cssroj7,cssthk7,cssvnod247,Cstju7,cstofiq247,cstrik7,csubu7,csuddy7,csunjy77,csuntry7,csurajj7,csursh7,csvdprksh7,csvhslr7,csvijayy7,csvirat7,csvishnu77,csvj77,csvjay77,csvkm7,csvkrmm77,csvktr7,csvombl7,csvrt77,csvsnu77,csvsnub7,csvvinod7,csvvsl7,cswris7,cswsim77,csxvier7,csysuf247,Kiransoyal,lukudi123,vishal01","anky4400,csablla247,csamrjt247,csblika7,csbskr7,csgovnd7,cskaml777,csloksh777,cslva77,cslwdr247,csmtgp247,csrtsh7,cssrjsh7,Cstju7",,,,,,,,,,,,,,
shalini,14,0,14,"csaaniil77,csajrdn7,csdss7,csejul7,csjon77,csjtndr77,csmhes77,csmngl7,csmnohr7,csnprdy247,csprne7,csraam77,csramcrn7,csrislim7",,,,,,,,,,,,,,,
simmi,90,6,84,"aayushtomar,anlaru7,csabiir7,csabsek2477,csadtya247,csadtyy7,csafzal247,csajybhi7,csamtt77,csandeep247,csandkr247,csanil77,csannkt7,csapsh247,csarj77,csaruun7,csasvnkm7,csaynl7,csbapa7,cschn247,cschrn7,cschyutes7,cscnu7,csfhma7,csgutm7,cshemnt7,cshsen77,cshvva247,cshvva7,csjgwndr7,csjht7,csjitndr7,csjoe247,csjp7,csjprksh247,cskarn77,cskhju7,csksan247,cslvakmr247,csman7,csmhes247,csmirr247,csmjm247,csndeep7,csndpb7,csngr247,csnikki7,csntsh77,csom7,csphld7,csprhld247,csprthms7,csptel,csrajaa247,csrajj7,csrehn7,csrijt7,csrjju77,csrjndra7,csrjvkr7,csrjvn247,csrksng247,csrohiiit247,csrpsh247,csrtaj247,csrvi247,csrviprks7,csrys247,cssagr7,cssmnn7,csstpls7,cssva777,csumt7,csurry7,csusnt7,csvisn7,csvsim7,csvtl7,csvvjy247,mahendra78,Ramaben1111,rohan01,s01piyush3,wmslik247","csjoe247,cslvakmr247,csman7,csrijt7,cssagr7,mahendra78",,,,,,,,,,,,,,
simran,136,12,124,"AZHAR003,csabhijt7,csabhishk247,csabhl7,csaditya7,csaftb7,csahsn7,csajeet7,csajjy77,csamen7,csamiit7,csaml247,csamn777,csankitt77,csansri7,csanuj247,csanwar7,csarmn7,csarshn247,csavi247,csaysha7,csayus7,csazim7,csbdspla7,csbku7,csbuvi7,cschnd247,cschry7,cscntu7,cscrli7,csdksh7,csdvrj7,csejl7,csekta247,csfatima7,csfrkn7,csfrz7,csgansh7,csgvrdhn7,csgyann7,cshardk7,cshaseeb7,cshvkmr7,csidhrth247,csimraan7,csivnth7,csjaiswal7,csjgtar7,csjshn7,csjtndrs7,csjvram7,cskhdp7,cskmr247,cskurkann7,cslkshh7,csmanjindr7,csmasroq247,csmdhv247,csmdnlal7,csmhor247,csmik7,csmman7,csmohdd7,csmonuu7,csmshm247,csmujhid7,csmuk7,csndiip7,csnjir7,csnkl247,csnreshh7,csnrmhi7,csnukl7,csnwz247,csombluna7,csona7,csoves7,cspavwn7,cspnttu7,cspremkumar7,cspri247,csprshnt7,csprven247,csprya247,csraaja247,csrajesh247,csrajesh7,csrajjuu7,csrhhul7,csrhull247,csrjnyk7,csrjsh77,csrneet7,csroit7,csrolex7,csrraju7,cssahil7,cssaireddy247,cssalmn7,cssby7,cssdr7,cssgar7,csshk247,cssmrn7,cssoniya7,cssunil7,csubm7,csudhr247,csufiyn7,csviijy7,csviir7,csvik7,csvkrm77,csvks247,csvnky77,csvrru7,csvvny7,csyash247,csyysh247,DURGA0078,jassck,Rk5054,Saiteja00007,Syedamir12","csabhishk247,csaml247,csavi247,csaysha7,csbuvi7,csjtndrs7,csmujhid7,csrjsh77,cssunil7,csvik7,Rk5054,Saiteja00007",,,,,,,,,,,,,,
siya,45,3,42,"csaaryn7,csadil247,csakshh7,csantu7,csarjjn7,csasfkhn7,csastr7,csbkshs7,csdansh7,csddu7,csdelep7,csdhraj7,csdlpk7,csdrvn7,csggolu7,cshbdin247,cshill7,cshkr7,csirrfn7,cskkrsna7,cskmlles7,cskpsgh7,csmanis7,csmds7,csmnjj7,csmusr7,csnjukmr7,cspprdp7,csprddep7,csprdiip7,cspunt7,csrema7,csrmshh7,csrrvi77,csshbm777,cssisir247,cssunny7,cstsh7,csunjy7,csusmn7,csveera7,vipulbhaidhhdj","csadil247,csmanis7,cssisir247",,,,,,,,,,,,,,
sumit,111,5,106,"csaakash7,csabii7,csadta7,csadtty7,csahekmr7,csail7,csajnn7,csajt7,csaks77,csaran7,csard7,csarnn7,csarpn7,csashk7,csasis7,csayus247,csbalmurli7,csbasu7,csbsnth7,csbvni7,cschndn77,csciin77,csddep7,csdevi7,csdherj7,csdiipu7,csdns77,csdrbr7,csdrkbo7,csfukrn7,csgar7,csgdhni247,csgnda247,csgndi7,csgopii7,cshnman7,cshrsih7,cshrsyh7,cshrwnk7,cshsh7,csiband7,csinddr7,csjmil247,cskch7,csking7,cskml47,csknha7,cskshi7,cskurbn7,cslson7,csmahes77,csmama7,csmirti7,csmniis7,csmohan,csmohd7,csmohit7,csmswy7,csmt77,csndep7,csndi7,csngnji7,csnirv7,csnitin7,csnnu77,cspawn247,cspnnkj7,csppriya7,csprrvn7,csprvt7,csraajsh7,csramna7,csrcky7,csrdr7,csrhi7,csrhll7,csrhul77,csrk77,csrkkes77,csrmbuu7,csrmkisor7,csrnjeet7,csrraj77,csrrht247,cssgarr7,csshill7,csskndr7,cssknr7,cssnjb7,cssnju77,cssrvsh7,cssryya7,cssumt777,cstinu7,cstish7,csvckky77,csvijjy7,csvikss7,csviml7,csvkrrm7,csvshal247,csvshal7,csvvek77,cswati247,csynus7,cszubr7","cskch7,csking7,csmohd7,csrraj77,cswati247",,,,,,,,,,,,,,
sunil,13,0,13,"csarpit77,csarrvnd7,csasib247,csbkp7,csbubai7,csdsrath7,csharvik7,csmehzn7,csnitinn77,csnvan7,csrikenn7,csritma7,csuday7",,,,,,,,,,,,,,,
surya,40,1,39,"335623097,csaai7,csaajjyy7,csakils7,csanl77,csask77,csbhjn7,csckrp247,cshrsha7,csiiva7,csindrjit7,cslkh247,cslks247,csmlkrjn7,csnnvn247,csnrndr7,csnrrndy247,csnyk7,csplklu7,csprbhu7,cspvn77,cspvnkm7,csramm7,csravvii247,csrikant7,csrraajj7,csrrkes7,csrsidk7,csrtna247,cssrt7,cssrv7,cssurya7,cstis7,cstis77,csvnd77,csvndkmr7,csysvnth7,george1234,onlyaarav2022",csiiva7,,,,,,,,,,,,,,
vedant,15,0,15,"csabhii7,csarjt7,csbhvr7,csdanrm7,csdhrjj7,csdpak7,csjoy7,cskndkr7,cskumar7,csndiiip7,csrj77,csrnjjt7,csuny77,csutkrs7,csvsudev7",,,,,,,,,,,,,,,
viha,4,0,4,"csanll247,csdhrij7,csonu777,cspatel7",,,,,,,,,,,,,,,
vikram,3,0,3,"ananwr247,csjtnr7,csmanl247",,,,,,,,,,,,,,,
vinay,108,8,100,"csadkhn7,csafsn247,csaggr7,csagrkl7,csali247,csamann7,csanilg247,csanna247,csantsh7,csapu77,csarsn7,csattul7,csbhim7,csbhrt7,csblnji7,csbsir7,csbsvrj77,csdaru7,csdhmd247,csdhnbln247,csdrmshs247,csdvanshi7,csfruq7,csgani247,csgulbo247,csgvind7,csgvtm7,cshosa247,cshris7,cshvn7,csiddu7,cskark247,cskirn247,cskmara7,cskrann7,cskrisna7,cskrsnn7,csksh247,cskshv247,cslal247,cslksh77,csmahdv7,csmana247,csmanjju247,csmanju7,csmdhmd7,csmhdev7,csmnshh247,csnaga27,csnagrrj247,csndbs247,csndsiv7,csnga7,csngnd7,csnid7,csntos7,cspkash7,csppu247,csprasant7,csprasnt7,csprks247,csprvn777,csrahl77,csram247,csram2477,csravs7,csrdy247,csrftr7,csrgpthi247,csrhhtt7,csrjmni7,csrjr7,csrkmr7,csroj7,csrvas7,csrvcs247,csrvi777,csrvibtk7,cssdu247,csshkr7,cssnvriy7,cssraja7,cssrani7,cssresh247,cssresh7,cstna247,cstrvkrm7,csuya7,csvarun247,csvasu7,csvd7,csvijyy7,csvjy77,csvky77,csvnyk7,csvsi7,csvsl247,csvyy77,csyukb247,naveen12","csafsn247,csgulbo247,cshosa247,cshris7,csiddu7,csndsiv7,csntos7,csppu247",,,,,,,,,,,,,,
vishal,173,8,165,"csaanji7,csadi247,csai77,csambji7,csanb7,csanish7,csanji7,csanji777,csanjii7,csarjunn247,csashok247,csatos77,csbablu77,csbabluu7,csbcina247,csbijs7,csbntai7,csbnu7,csbrgav247,csbrgv7,csbshrn7,csbudda7,cschdu247,cscthn247,csdgvjy7,csdmndra7,csdnl7,csdprsad7,csdrao247,csdrga247,csdurga7,csdvndra77,csekr7,csffaiz7,csgansh247,csgop77,cshkar247,cshkhja7,cshmed247,cshmnnt77,cshmnth247,cshref7,cshresh7,cshrisdr7,cshrsni247,cshrsta247,csida7,csiiva77,csimran247,csjagdsh247,csjswant247,csjyasho7,cskasm7,cskatk7,cskkumr7,cskmrk7,cskndn7,csknudn7,cskpll7,cskrina7,cskrishna247,csleem7,cslkshy7,cslredy7,csmani247,csmhs77,csmichl247,csminsh7,csmkskmr7,csmnstr247,csmrl77,csmynk7,csnaryn7,csnaven247,csnayem7,csngdra7,csngrrja247,csnni247,csnny247,csnredr7,csnres7,csnrh7,csnrs77,csnryn777,csntn77,csnvvn7,csparamsh7,cspavan7,cspndu247,csppvn7,csprasd247,csprasd77,csprb7,csprksh777,csprna247,csprnth7,csprssd7,csprvsh7,cspsha247,csrahhl7,csredyy7,csrhim7,csriknt247,csriknth247,csrinnu247,csrinvs77,csrjeshh7,csrjh77,csrjssh7,csrjtwr7,csrm77,csrma77,csrmjro247,csrms247,csrmt247,csrndr247,csrngrdy247,csrnuk7,csrrinu7,csrrjs7,csrtkh7,csrulk7,csrvndr7,csrvvi247,csryzk7,cssaii247,cssaii77,csshhiv7,csshva247,csskad7,cssndp247,cssnil247,cssnths7,cssraj777,cssram247,cssrinu7,cssrth7,csstiis7,cssumn7,cssunill247,cssvishl7,cstish247,csukrla7,csuryya7,csutkrs77,csvenkt247,csvenky77,csvent7,csviru7,csvkt247,csvmsii247,csvnkat7,csvnkts247,csvnm7,csvny777,csvrma247,csvtrm7,csvyrju7,cswamy247,cswm247,cswti7,csyadv247,csysh247,csyvraj247,rajurock","csadi247,csarjunn247,csbcina247,csjagdsh247,cslkshy7,csnaryn7,csprvsh7,csredyy7",,,,,,,,,,,,,,
vyshu,39,4,35,"csanji77,csbhem247,csbhkt7,csBunny071,cschnu7,csgnnes7,cshnmth77,csjyasm7,csktar7,cskuhik247,cskunl77,cslxmnro7,csmlli247,csmnjk7,csnerj7,csnkna7,cspavvn7,cspni7,csprd7,csprmh247,csraavi7,csrjkmrt7,csrknt7,csrm247,csrmes77,csrmssh7,csrrju77,cssai77,csshiva77,cssorv7,csvern7,csvikm7,csvkat7,csvnnd247,csvvnky7","cspni7,csprmh247,csraavi7,csvkat7",,,,,,,,,,,,,,
Unassigned,7525,459,7066,"001sachin,007apple007,11071998,1226895,123raz,143Rajesh143,25mohan,25nari123,34vasanth123,4444raj,444rajwar,469467,510601,510656,510752,510756,5akkkb7,5anmd77,5anschn7,5gpi247,5pvn777,5rhl77,5rjunn77,5rmnkb7,5vjy247,610751,6304692234,6397964688,7011291933,7033656873,707Hitesh,789537,8143271585,8179785654,8209019267,8250204113,827777,8309764405,8555843183,8755815994,87abc88,88011190,8805763539,8955339575,9058040484,9090Sachi,91aadi247,91akthr247,91alu247,91anylu247,91arfl247,91dvrtk7,91gavali247,91hari7,91konde247,91mueen7,91neville247,91neville7,91ngrj247,91nhkn247,91nrmda7,91nvn7,91pntug7,91rama7,91ravima7,91rshb7,91rvi7,91sagar7,91smer247,91snjy7,91tribhn247,9399914461,9542220861,970185,9716802104,987032,992629,998877665544,99Rambabu99,a247sahil,a2abhishek7,A2Akhil247,a2aksh7,a2bahubali7,a2chinna7,a2chotu247,A2danish7,a2dhrmndr7,a2dlhussn7,a2gnsh247,a2jayshradhe7,a2jms247,a2karan7,a2mahi247,a2mandeep7,a2mhsh7,a2nag7,a2nvn7,a2piyush7,a2pradeep247,a2prasad7,A2prsd247,a2prvn7,a2pvn247,a2raja7,a2raju7,a2rjndr124,a2rmn247,a2sanjay7,a2sathish7,a2sonu7,a2srk7,a2sukhveer7,a2sumit7,a2surjnk7,a2traju7,a2venkatesh7,a2vibhu777,a5zzu77,aaaaaa,aadhya143,aadi08,aalok7,aaman7,Aameen7860,Aartisha77,aarun77,aata143,aayushkumar,abcd420,abda7,Abhay0777,Abhi9559,abhisheksri1085,abhshk777,abhy247,abi333,Abik247,abisk7,abr7,abshk7,abskb247,abulhl,abydv01,acajthh,acaksh7,acamit7,acbalaa,acbbla,acbublr,accabh,accamt,accbarjn,acchnaa,acckau,accsivv,acdmni777,acfann,acfeeju,acgldyy,acgluu,acgopii,achncnndn7,achrdk247,achrii,achrsh247,ackhtu247,ackng7,aclalhndd,aclovv,acmhtaa,acmskk,acmskk247,acmukll,acmutu7,acom77,acrdhh7,acrjss,acrnjth1,acrnk7,acrnkkz,acsaiii,acsdmm,acshivu7,acsiduu,acsjt7,acsmr247,acsmu7,acsndip7,Acsndip7,acsnjbb,acsnu7,acsrvsluu,acsvmm,acsym247,acumaa,acumknt7,Acvkk,acvknt247,acvrnp247,Adanna777,adduriritheesh,Adhar99,adhi7,Adil8045,adilkhan,adit7,aditya,admin,Adpratap,adpsh247,adti7,adtya7,afmk7,afridiii,Afsar87,Aganna777,agopi24,ahtsh247,aiyub1,aiz7,Ajaikumar,ajay1234,ajay20,ajay247,Ajay8171,ajayamalick98,Ajaye1100,Ajaygowda123,ajju4954,ajjy7,ajrul,ajt7,ajy247,ajycs7,ajykr7,ajyy7,akal247,Akal247,akash615,akash98580,AKASHM9380,akashyadav,akbarr7,akbskh7,akhaya96,Akhilgangula,Akhmas66,Akkihudda007,aknirala95,aksh2477,akt7,aky7,alajy247,alarjn,aldrao,aldvndr7,AlexPeter,Alexrostin,aliaz7,alimu90,Alok098,alok12,alon7,alove7,alprnc247,Alsngm7,alsubd7,Altu777,Am153dada,amaan7,amabhi7,Aman9815,amanguru247,Amanjain007,amank123,Amank123456,Amar1121,amarsb,Amarss45,Ambe5670,ambu7,amd7,amit12345,amites7,Amitjaat123,Amitkanshana,amitsharma,amitsingh,amma247,amman123456,Ammulu158,Amnl7,amoll7,amrendrasi1085,amrit2002,amrjn247,amrjt5247,amrnd247,Amrsh7,an5sjt7,Anaaks7,anaal7,anabdin7,anabdul7,anabh5247,anabhi247,anabhi2477,anabhii77,anabhik7,anabhkb7,anabhkj7,anabhsk7,anabhy7,anabi7,anabisk7,anabjt7,anabk7,anabrim247,anabsek7,anabshk7,anabsk247,anabsk7,anac5247,anadb7,anaddi7,anadi247,anadil7,anaditya7,anadnryn7,anadrsh247,anadtya7,anadtym7,anadyt7,anag247,anaggrju7,anagr5247,anahd7,anahdn247,anahsn247,anahtt247,anaidu247,anail7,anaill247,anais7,anaish77,anajay7,anajay77,anajayy247,anajbi5247,anajit7,anajjay247,anajjua247,anajjyy247,anajjyy7,anajk7,anajmr247,anajn7,anajnc7,anajrnn7,anajt7,anajy247,anajy2477,anajy7,anajydv7,anajyp7,anajyy7,anajzlt7,anak247,anakash7,anakash777,anakh7,anakilsh7,anakit7,anakitb7,anakki77,anakkt77,anakl247,anaklh5247,anaklsh7,anaklsh77,anakmr247,Anakng77,anaks5247,anaks7,anaksh7,anaksh777,anakshh7,anakskm7,anakssh7,anaktk777,anaktt247,Anaky007,anal247,analam247,analhusn247,anali247,Anali247,anali7,analisaik247,analkmr7,analltf7,analm7,analok247,analok7,anaman7,anamarraj247,anamiit247,anamiit7,anamin7,anamir7,anamit7,anamit77,anamit777,anamitk247,anamitt7,anamk247,anaml7,anaml777,anamma247,anamn2477,anamn7,anamn77,anamnkr7,anamnn247,anamr7,anamrt247,anamt7,anamtd247,anana5247,ananand,ananbhv7,Anandvicky,ananga7,anani7,ananiil77,ananil247,ananil7,ananil777,ananis7,ananjana7,ananjl5247,ananjli7,anank7,anankit,anankit247,anankita7,anankm7,ananktt247,ananku247,ananndy7,anannil247,ananp5247,ananrhll7,anansh7,anansu7,anantkb7,ananty7,ananu7,ananukb7,anaple247,anappan247,anaprt7,anapsr247,anarf7,anarivd7,anarjn7,anarjnm247,anarmn7,anarrun247,anarsim7,anarun7,anaruun7,anarv247,anarvnd7,anarvndm247,anarya247,anaryan7,anaryn247,anaryn7,anaryn77,anaryndr7,anasd7,anaser7,anasf5247,anash247,anashik247,anashk7,anashng7,anashs7,anashsh7,anasht5247,anashu247,anashwn247,anaskk7,anaso5247,anass7,anatfn7,anathd7,anatl7","5vjy247,6397964688,7033656873,91snjy7,91tribhn247,a2mahi247,a2rjndr124,a5zzu77,aata143,accbarjn,ahtsh247,aiyub1,akt7,amd7,amma247,ammu1995,anabhii77,anabsk7,anagr5247,anajnc7,anakki77,analkmr7,analok247,ananiil77,ananjl5247,anankita7,anantkb7,ananukb7,anashs7,anashu247,anaso5247,anatlm,anavns7,anazhar77,anbchibu7,anbhmya7,anbhrchi7,anbhskr7,anbnodk247,anbts5247,anchna7,anchnd247,anchprsd7,ancthnn247,andev5247,andeva7,Andhrm247,andltrm7,andngu7,andnjykb7,andnsh247,angnith7,angnnsh7,angnsh247,angvnd7,anhcm7,Anhimsh7,anhmntn7,anhrik7,animrkb7,anirl247,anjhni7,anjhw7,anjpdsh247,ankhan7,ankhna247,ankirnn247,ankkirn247,ankksh7,anklyn5247,anklyn7,ankmr5247,ankobir247,Ankrn247,ankrnti247,ankrtk7,anks247,ankshv5247,ankumr7,ankyum7,anlait7,anlvd247,anlxmi777,anmani7,anmdvkm7,anmhn7,anmhsh777,anmhta7,Anmj247,anmjath7,anmlh247,anmmn247,anmmnj7,anmnh7,anmnj17,anmnjju77,anmnn247,anmrli5247,anmshh247,anmty7,anmun247,anmunja7,anmurli247,annani5247,anndulal7,anngrju247,anngsh777,annil7,annin7,annkrkb7,annrd7,annrja7,annrnjn247,annrsgh247,Annvn247,anpar5247,anpbt247,anpdm247,anpdp7,anpkj247,Anplbi247,anpnj77,anpnkjk7,anpooja7,anprbir7,anprem5247,anprksh247,anprmd247,anprssd247,anpsnt7,anpudvk7,anpurdy7,Anpvnn247,anpyhu7,anraaja7,anraajsh247,anraaju7,anraavii247,Anraj777,anrajsh7,anramu247,anrav5247,anravi5247,anrcht247,anrdha247,anrghv247,anrhan247,anrhhl7,anrhm7,anrhul7,anrhul77,anrihn247,anrimkb247,anrithvk247,anrjam7,anrjb7,anrjkmar247,anrjtksn7,anrjuu247,anrmna5247,anrmshh247,anrmshh5247,anrmu247,anrmu77,anrnu247,anrohn247,anrrjj247,Anrrju77,anrrm7,anrroht247,anrsgod247,anrsh5247,anrti7,anrtkk,anruun7,anrvindr247,anrvkb7,anry247,ansantu7,ansatsh247,ansdhr7,ansgr247,anshb5247,anshbr5247,anshk247,anshlni7,anshm247,anshsi247,anshvm247,ansin247,anskmtn7,ansmn247,ansmpth247,ansmt247,ansndiip7,ansnil7,ansnji247,ansnll7,Ansnt5247,ansntos247,ansnvi7,anso7,ansonuu7,ansrb7,ansrh77,ansri247,ansrs7,ansrshh7,anssiv247,anssrn7,anssu247,ansths7,anstish7,anstndr7,anstvr7,ansty5247,anstyndr7,ansunl247,ansuresh777,ansvkb7,ansyan7,ansyrm7,antej247,Anthmz7,antomr247,Anumr247,anvamsi247,anvbr7,anvid247,anvisi247,anvky247,anvkyy247,anvndd7,anvnky5247,anvnnk247,anvpnkmr7,anvrma247,anvru247,Anvsh247,anvsmy5247,anyg5247,Anygs7,anyhk247,anyogs77,anys247,anzina7,araju7,arpit36,atdhirj,atmjunt,atmohn247,atraja7,atrvi247,atsndep77,atvnd247,avinsandy,bmans247,bmarnkmr7,bmavyn7,bmdpak7,bmfzan7,bmfzni7,bmjdv7,bmjhd7,bmjisan7,bmkusl7,bmlan247,bmngr7,bmpvkm7,bmradh7,bmrkh7,bmshu247,bmsmpt7,bshsksmd,chandru,chandu143,Cmkshl247,cmkvlib7,cmnges247,cmrks7,cmsrbh7,cmvirt7,csahwn7,csaktr7,csamar7,csamit7,csanshka7,csbshn7,csckpl7,Csdhtn7,csgrpsd7,csgum7,csjaga7,csjsree247,csjtdr7,csjymn247,cskkrisna77,csknl7,cskrml7,cskrtkh7,csksa7,csmcndn247,csmerr7,csmgru7,csmnshh7,csmrlt7,csndhi7,csnhr247,csnnvn7,csnvin7,cspandi247,cspnd7,cspnkin7,cspnth247,csprdp7,csprnjl7,cspshkr7,cspto7,csrab247,csravvi247,csrda7,csrdhe7,csrhl7,csrhuul7,csrjksk7,csrjm7,csrkr7,csrma7,csrmgy247,Csrnky7,csrpg7,Csrrajj7,csrrm7,csrshb7,csrvii7,csschin7,cssgr247,csskn7,cssnju7,cssnkmr7,cssrjndr247,cssths7,cstmp7,csumes7,csumt777,csvijay7,csvijy7,csvind7,csvinnd247,csvjth7,csvs7,cszl7,deepakghikara09,don100,Excuseme12,farsh7,frmn7,Ganesh4461,Garikina17,giri5247,gola1234,gs83270,gvtrp247,harite,iswrkb77,izzu4007,jagat9800,jalil00,jcpatel,jdrg7,jgiri247,jprtm247,Karanam123,karthik123,Kirancn7,krishna310,LuckyAbhi,maddy123,Maksharma466,manu6828,mkrtk7,mmah247,mnish247,mominul09,mounesh7,mvr6639,nsabhi247,nsaikshn247,nsajy7,nshkr247,nskunl247,nsmdu247,nsprvn247,nsrhn247,nsrmk247,nsva7,nsveer7,nsvks247,prathap308,prtsh247,rajat12,rajendra,ramacs2456,ramk247,Rehim,rgghu7,rik7,rkirn7,rshivu247,sajy7,samir1,samvav,sathiah345,sayyed,shiva0909,Shivabharu,sivaprasadvn,skbd7,skt247,sonnu7,sravn7,ssail7,ssamer7,ssamnshg7,ssanop7,ssarn7,ssarsn7,ssatul7,ssgn7,ssgpl7,sskrn7,sskrsh7,ssmnjyy7,ssnjv7,ssnl7,ssonu7,sspksai7,sspksh7,sspriya7,sspwn7,Ssrajk77,ssrhtt247,ssrmbbu7,ssrvi7,sstarm7,sstrn7,suraj01,tarun9958,tran7,venu1264,vikash613,vishal0902,vvk7,ydjy247,ygnh7,ymgsh,ynrsh7,yshlm247,yvppl247","anatlm,anatrul247,anatu7,anatul7,anaukb7,anaun7,anaupm247,anavi5247,anavinsh7,anavjt247,anavjt7,anavns7,anawdh247,anayaan7,anaykr247,anayn247,anayn7,anaysh,anaysh7,anayush7,anazaj247,anazhar77,anazkm247,anbaba247,anbabaa247,anbabu5247,Anbabu5247,anbalaji7,anbali7,anbalj7,Anbart5247,anbati7,anbavji7,anbbl7,anbbll247,anbblu7,anbbskr7,anbbu7,anbbup7,anbbuu7,anbby7,anbchibu7,Anbdl7,anbdnth7,anbdpn247,anbdul247,anbdul7,anbhay7,anbhdev7,anbhgt7,anbhle7,anbhmry247,anbhmya7,anbhnu247,anbhnuk247,anbhol247,anbhrchi7,anbhrgv7,anbhrkb7,anbhrt247,anbhrth247,anbhrtk247,anbhrtm7,anbhrtt247,anbhrv7,anbhskr247,anbhskr7,anbht7,anbhvk247,anbhwn7,anbiki7,anbisek247,anbitu5247,anbitud7,anbivkr7,anbjdy7,Anbjndr77,anbkc7,anbki7,anbkkn7,anbkrao7,anbks7,anbkth247,anbktha7,anbla247,anblal7,anblck,anbldv7,anblj5247,anblji7,anbljit7,anbljt7,anblram7,anblrm7,anblu247,anbmj247,anbnani247,Anbnani247,anbni247,anbnodk247,anbnthc7,anbntu7,anbnu7,anbolap7,anbook247,anboss7,anbpen7,anbpi247,anbplb7,anbpnd7,Anbpu247,Anbpul7,anbrd5247,anbrdy7,anbrhmnd247,anbrij7,anbrt247,anbrun7,anbsha247,anbshma7,anbshn7,anbshwa7,anbsjt777,anbsl7,anbsll7,anbsngh7,anbsntk7,Anbsnts7,anbsud247,anbsvr247,anbswjt7,anbsym7,anbti7,anbts5247,anbtta7,anbtu247,anbupndr247,Anbupndr247,anbusn7,ancchnti247,ancchtu247,ancdbn7,ancdu5247,ancdu7,anchand247,anchandra7,anchb7,anchdhry7,anchdkn7,anchdn7,anchdu7,anchedn7,Ancheena7,anchetha7,anchetr247,anchiku7,anchina247,anchinna7,anchkri7,anchl7,anchmn247,anchn247,anchna7,anchnd247,anchnd7,anchndd247,anchndn7,anchndr247,anchndra247,anchndu7,anchndu77,anchni247,anchnndn7,anchnt247,anchnti7,anchnu247,anchnu7,anchok7,anchokr247,anchotl7,anchprsd7,Anchprsd7,anchrn7,anchrnjt7,anchrnn7,anchrnsi7,anchru247,anchry7,anchry77,Anchthn247,anchti247,Anchtl247,anchtn7,anchtnn7,anchtu247,anchtu7,anchtuu247,anchvnkt7,anciru7,Anciru7,ancna247,ancndhu7,ancndn7,Ancndu7,ancnna247,Ancnt7,Ancrn247,ancthnn247,anctkg123,anctkg247,ancwry247,andanl247,andanu7,andaya247,andbr7,anddpk7,anddv247,andee7,andeep7,andeepk7,andeepu77,andeka7,andemo7,andemo777,andemo91,andepk7,anderj247,andev5247,Andev5247,andeva7,andevg7,andgh7,andgsh7,andhay247,andhnus7,andhoni7,Andhrm247,andhrm7,andhrup247,andhu247,andhva7,andhyli7,andiilp247,andiipk7,andiipkk247,andilp7,andinyal247,andipika7,andipk247,andiv7,andkkv7,andlds7,ANDLP247,andlp7,andlpk7,andlshr247,andltrm7,andmndr7,andmndra7,andnes247,andnesh247,andnesh7,andngu7,andnis7,andnis77,andnjykb7,andnl7,andnrj247,andns77,andnsh247,andnsh2477,andnshb7,andp247,andp7,andpak7,andpk247,andpk7,andpkk7,andpn247,andpn7,andppk7,andpu247,andrc247,andrg5247,Andrg7,andrga247,andrgsh247,andrhn7,andrkmr7,Andrml5247,andrmvr7,andrrshn7,andrs7,andrsn57,andru247,andrv7,ands247,andsa247,andshva247,andtsai247,andtsai7,andubr5247,andula7,andv5247,andv7,andvd7,andvndr7,andvngikb247,andvraj7,andvraj77,andvrkmr247,andvsgh7,andvsh7,andxt7,andya247,andyndp7,anedwd7,aneha247,anehrik7,aneshwr7,aneswr7,anewr7,anfaiz5247,anfarq247,anfiroj7,anfiz247,anfrnci247,anfroq7,anfrrid7,anfzn7,angagn247,angana7,anganu7,angarav7,angarv247,angarv7,angarvk7,angau77,angbin7,angddu7,angdr247,angdrbbu247,angdu7,angfur247,anggns247,Anggns247,anggsh7,angiri5,angiri5247,angith7,angkg7,anglkhn7,angllu247,anglu247,Anglv247,angmni7,angnbbu247,angndr247,angngla247,angnith7,angnklhe7,angnnsh7,angns247,angnsh143,angnsh247,angnsh2477,angnsh7,angnshr7,angnsym7,angolu7,Angolu77,angopii247,angopl247,angopl7,angoppl7,angous247,angovind7,angovnd7,angow247,angp5247,angp7,angpa7,angpd247,angpi247,angpl7,angpls247,Angpls247,angpndh247,angprsd7,angpsju247,angpta,angrav7,angrjn7,angrju7,angrrj247,angru7,angrumty7,angsh7,angsh77,angshwr7,angssh247,angsym7,anguda7,anguhn7,anguhnn7,angulsn247,angulsn7,anguru7,anguru77,anguru777,angutm7,anguttm247,anguttm7,anguv7,anguvb247,angv7,angvnd7,angvndd7,angvvr7,angyni7,anhafjl247,anhanuman7,anhari7,anharish7,anhars247,anhatu7,anhcm7,anhent7,Anhent7,anhery247,anhfeez7,anhfz7,Anhimsh7,anhimsu7,anhimsu77,anhira7,anhirn7,anhitu7,anhju7,anhksn247,anhmhld7,anhmid7,anhmnshu7,anhmnsi7,anhmnt7,anhmnth247,anhmntn7,anhms7,Anhmsh247,anhmsu070,anhmthu7,Anhna7,anhnrds7,anhnvka7,anhnvki7,anhoney247,anhote247,anhprsd7,anhpy7,anhpykr7,anhrdky7,anhrdky7anhrdky7,anhrh7,anhri247,anhri7,anhrik7,anhriom247,anhriom7,anhris7,anhrish7,anhrka7,anhrnd247,anhrndr7,anhrsa7,anhrsh247,anhrsh7,Anhrsh77,anhrshk7,anhrsht7,anhrst247,anhrsth247,anhrys7,anhsh247,anhsh7,anhsht7,anhshugpt7,anhsn247,anhsna247,anht7,anhtk247,anhul7,anhvsh7,anibrm7,anif7,Anifn7,aniil247,aniil7,aniilk7,aniill7,aniirj7","anika7,anikl7,aniks247,Anil5383,anil9100,anilking33,anilkr,animrkb7,animrnb7,animshk7,anindrjt7,aninrdjt7,anirfkb7,anirkb77,anirl247,anishni7,anisika7,anisu7,anitsh7,aniwshr247,anizz7,Anj346,anjagdsh7,anjai7,Anjaliss00,anjankumar,anjat7,anjay247,anjay7,anjay790,anjayy247,Anjayy247,anjck7,anjdaku7,anjdp247,anjdsh247,anjet7,anjevn247,anjgdis7,anjgdmba7,anjgdsh7,anjggi7,anjggu7,anjgls7,Anjgr7,anjgs7,anjgu7,anjh7,anjhl7,anjhni7,anjhw7,anjigo247,anjigu7,anjitkb7,anjitu247,anjitud7,anjjay7,anjkmr7,anjml7,anjms7,anjn7,anjnd7,anjnrdn247,ANJNU7,anjohn7,anjony247,anjpdsh247,anjpkb7,anjprkb7,anjs2477,anjsm247,anjsobta7,anjtdr247,anjth7,anjtn7,anjtndr7,anjtndra7,anjtsh5247,anjunid7,anjvdk247,Anjvn247,anjwe7,anjwn7,anjy7,anjydp7,anjykl7,anjyl247,anjymln7,Anjys7,anjyvr7,ankailas247,ankale247,ankallu7,ankalu7,ankami7,ankaniy247,ankano7,ankanu5247,ankapil7,ankaran7,ankath7,ankbr247,ankbr2477,Ankbr2477,ankbrd247,ankdas7,ankdir7,ankdp7,ankdvli7,ankeshh7,ankesva247,ankgsh247,ankha247,ankhan7,ankhil77,ankhjvli7,ankhmgr247,Ankhn7,ankhna247,ankiirn247,ankiitt777,ankilvs7,anking7,ankingg7,ankir5247,ankirn777,ankirnn247,ankirrn7,ankishr7,ankisn7,ankisna247,ankisor7,ankit89998,Ankit9536,ankjl7,ankk7,Ankkdp247,ankkirn247,ankkit7,ankksh7,ankkshr247,ankldp7,anklps7,anklsh7,anklu7,anklya7,anklyan247,anklyn5247,anklyn7,ankmal7,ankmdnu7,ankml7,ankmll247,ankmlsh5247,ankmr247,ankmr5247,ankn247,Ankna5247,ankng247,ankngkb7,anknhiya247,anknkb7,anknl77,anknlal7,anknlt7,anknr7,ankntr7,anknwr7,ankobir247,ankomal247,ankpl247,ankpl7,ankpl77,ankprsd247,ankptn7,ankrh7,ankrim247,ankris7,AnKrishna,ankrjun7,Ankrn247,ankrn7,ankrnk247,ankrnkb7,ankrnl7,ankrnn7,ankrnti247,ankrs2477,ankrsh7,ankrshn7,ankrshnk247,ankrsn7,ankrsnn247,ankrt5247,ankrth7,ankrthk247,ankrtik77,ankrtk7,anks247,anksh7,ankshi5247,ankshl7,ankshn7,ankshnp7,ankshor7,ankshr7,ankshv5247,ankshvk7,anksii247,anksl7,anksn247,anksna2547,anksor7,anksrs7,ankss7,Ankssn7,ankswr7,anksyp247,anktboy247,ankthrvl7,ankti7,anktik7,anktk7,ankuku7,ankumar247,Ankumar247,ankumar7,ankumar7143,ankumr7,ankumrr247,Ankur247,ankushik7,ankushl7,ankusl7,ankusm247,ankussh7,ankut247,ankvkrsh247,ankym247,ankyum7,anla247,anlaado7,anlac5247,Anlag5247,anlait7,anlala247,anlalmhn247,anlalu7,anlalu777,anlba7,anlchit247,anlchn7,anldla7,anldu7,anlhit7,anlit7,anlka7,anlknth7,anlksh247,anlksh7,anlksmi247,anlkt247,anlkt5247,anlky247,anllukm7,Anlnks247,Anlokh7,anloks7,anloksh7,anlot5247,anlru7,anlta7,anltn247,anlvd247,anlvksh7,anlvsh7,anlximn7,anlxm247,anlxm7,anlxmi7,anlxmi777,anlxmn7,anlxmn77,anlxxmi7,anmaci247,anmad247,anmadh7,anmadhu7,anmadu7,anmahak004,anmahdu7,anmahes7,anmahh247,anmahi7,anmahpl247,anmahs247,anmahs7,anmahsh7,anmajt247,anmali247,anmalli7,anman247,anmanas7,anmanasa7,anmangal,anmani7,anmanlm7,anmann247,Anmantu7,anmata777,anmax5247,Anmax5247,anmbrk7,anmcmn247,anmdasf7,anmddu7,anmdfd7,anmdhu7,anmdhuu7,anmdnn7,anmdsbr247,anmdth7,anmdu247,anmdu7,anmduu7,anmdv5247,anmdvkm7,anmeldi7,anmgl7,anmgvrdn247,anmhddh7,anmhesh7,anmhh7,anmhhes7,anmhi7,anmhj7,anmhmd7,anmhn247,anmhn7,anmhn777,anmhnd5247,Anmhnd5247,anmhrudin7,anmhs7,anmhsh247,anmhsh7,anmhsh777,anmhshkb7,anmht247,anmht5247,anmht7,anmhta7,Anmicky,anmiit7,anmiitt247,anminr247,anmira7,anmit7,anmj247,Anmj247,anmj7,anmja247,anmjath7,anmjil247,anmjt7,anmju7,anmk247,anmkes247,anmkl5247,anmkmr7,anmks7,anmksh247,anmksh7,anmkshg7,anmkskr7,anmles7,anmlesh247,anmlh247,anmlk7,Anmlket7,anmllikrjn7,anmlsh7,anmlsk7,anmmhsh7,anmmht7,anmml7,anmmn247,anmmnhn7,anmmni7,anmmnj7,anmn7,anmn77,anmna247,anmna7,anmnab7,anmnan7,anmndr7,anmngl7,anmngm247,Anmngm247,anmngs7,anmnh7,Anmnhr247,anmni247,anmni7,anmni77,anmnij247,anmnij7,anmnikt7,anmnirl247,anmnis247,anmnj17,anmnj247,Anmnj247,Anmnj7,anmnja7,anmnjit7,anmnjj5247,anmnjju7,anmnjju77,anmnju7,anmnk247,anmnkr247,anmnkta7,anmnmju7,anmnn247,anmnndv7,anmnni7,anmnnj77,anmno77,anmnohr247,anmnoj1247,anmnoj777,anmnojj247,anmnr247,anmnsh247,anmnshk247,anmnsor7,anmnsr7,anmnthn7,anmny7,Anmnyd7,anmodkh7,anmogal7,anmohhn7,anmohn5247,anmoit7,anmoli7,anmolkb7,anmontu,anmonu247,Anmonu247,anmonu2477,anmonu7,anmool7,anmosn7,anmou7,anmp7,anmprsd7,anmra7,anmraj7,anmraja7,anmrdhr7,anmrds247,anmrhl7,anmris7,anmrl7,anmrli247,anmrli5247,anmrlii247,anmrlli247,anmrm247,anmrsh247,anmrt247,anmrth247,anmrtha7,anmsbnv7,Anmscw247,anmscw7,anmsh247,anmsh7,anmshh247,Anmshh247,anmsni7,anmt7,Anmthi247,anmthn7,anmtt7,anmty7,anmtyla7,anmubi7,Anmukl247,anmuks7,anmumtj7,anmun247,anmuna2477,anmunja7,anmunna7,anmurli247,anmurli7","anmvr7,anmwya,anmyk7,anmynk7,Anmyyr7,anna1814,annag7,annagndr7,annagrju247,annagu247,annahid7,annani5247,annani7,annani777,annapl247,annarsh7,annaru7,annav247,annaz7,annbc247,annckb77,anndem7,anndhn7,anndlal247,anndm7,anndsh7,anndulal7,annfis7,anng7,anngd7,annglmr7,anngndr247,anngnndr247,Anngrj7,anngrjna247,anngrju247,anngrju7,Anngru7,anngs7,anngsh7,anngsh777,anngswr7,anngu7,annhid247,annhil7,annht7,annidhi7,annikle7,annil247,annil7,annilk247,annils247,annin7,annipo247,annirj7,anniru7,annishi7,annji247,annjrm247,annkhl247,annkhl7,annkl7,annkrkb7,annksh7,annkul7,annl247,annmai7,annmn247,annni7,annprrsd7,annr7,annrd7,annrdsh7,annresh7,Annrh7,annrj7,annrja7,annrjkr7,annrndr247,annrnjn247,annrs247,annrs7,annrsgh247,Annrsgh247,annrsh5247,annrsh7,annrsh77,annrshro7,annrsimha247,annrsm7,annrsma7,annrsni247,annrvii247,annryn7,annsai77,Annsal247,annsha7,annshu7,anntink7,anntn247,anntn7,anntsh5247,Anntsh5247,Annumalik77,annurag247,annush5247,Annva5247,annveen247,annveen7,Annvn247,annvn2477,annvnk247,annvnn,annyns7,annys7,annzm,anoblsh7,anom247,anom77,anomhi5247,anomm247,anomm7,anomn5247,anonkr247,anoor7,anpab247,anpachtro7,anpakj7,anpakka247,Anpank7,anpankaj7,anpar5247,anparjakb7,anpavan247,anpavn7,anpbt247,anpcv77,anpdam7,anpdkmr7,anpdm247,anpdp247,anpdp7,anpds7,anphu247,anphvi7,anpin7,anpintu7,anpkj247,Anpkj247,anpkj7,anpksh7,anpksy7,Anplbi247,anpn247,anpna7,anpnc247,anpnck7,anpnd7,anpndu7,anpndu777,anpnduu247,anpndy5247,anpnj77,anpnjk7,anpnk247,anpnkj247,Anpnkj247,anpnkjk7,Anpnro7,anpntoo7,Anpntu7,anpooja7,anpot7,anppkj247,anpprd247,anpprrsd247,anpprsd247,anpra7,anpraksh7,anprasad7,anprasd247,anprathm,anprbir7,anprbs247,anprbu7,anprd7,anprddp7,anprdiip7,anprdp7,anprdpk7,anprdshu247,anpreedp247,anpreet7,anprem5247,anprem7,anprhld247,anprk5247,anprkk7,anprks7,anprks77,anprksh247,anprksh77,anprksh777,anprkshb247,anprm7,anprmd247,anprmk7,anprmkb7,anprmp7,anprmpal7,anprmsvr247,anprna7,anprnc247,anprnc77,anprnjl7,anprnkmr247,anprnv7,anprp5247,anprrks77,anprrsnt247,anprsad247,anprsd2477,anprsd7,anprsd77,anprsdd7,anprshm7,Anprshm7,anprsnt77,anprsntr7,anprssd247,anprt7,anprthv247,anprtk7,anprtm7,Anprve5247,anprven7,anprvn5247,anprvn7,anprvn77,anprvnk5247,anprvnk7,anprvnmk247,anprvns7,anprvsh7,anprvvn247,anpsbu7,anpsd247,anpsha247,anpshnt7,anpsht247,anpsnt247,anpsnt7,anpsnth7,anpsp247,anpsri5247,anptbn247,anpter247,anpthn7,anptrk7,anpudvk7,anpunt7,anpurdy7,anpvk7,anpvn7,Anpvn77,anpvndg247,anpvnkmr7,Anpvnn247,anpvnn7,anpvnnkb7,anpvvnkb7,anpwd247,Anpwd247,anpwn2477,anpwn5247,anpwn7,anpwnm7,anpwnn247,anpyhu7,anpysb247,anpysh,anraai7,anraaj247,anraaj7,anraaja7,anraajsh247,anraaju7,anraam5247,anraavi247,anraavii247,anrabbu247,anrabi7,anrafi247,anrahhl247,Anrahl7,anrahul7,Anraj777,anraja7,anraja777,anrajaa247,anrajan5247,anrajes247,anrajesh7,anrajeshk7,anraji7,anrajj7,anrajjj247,anrajjo7,anrajkmr247,anrajkmr2477,anrajsh7,anrajt247,Anraju24,anraju247,anraju7,anraju77,anraju777,anrajuu247,anrajv7,anrak7,anraka5247,anrakes247,anraki7,anrakm777,anraks247,anraksh247,anram247,Anram247,anram2477,anram7,Anram777,anramesh247,anramlu7,anramm7,anramn247,anramna7,anramsh7,anramsh77,anramu247,anramu7,anramuthi7,anrana247,anrane77,anranit247,anranjt7,anraunk247,anrav5247,anravi2477,anravi5247,Anravi5247,anravi7,anravi77,anravi777,anravii7,anravvi247,Anravvi7,anrbhy247,anrbhy7,Anrbin7,anrby7,anrc7,anrcht247,anrck7,anrcky7,anrdh7,anrdha247,anrdmni7,anrdr7,anrdy7,anredy247,anresh247,anresh7,anrfi7,anrfi77,anrghl7,anrghul7,anrghuvnsi247,anrghv247,anrgla5247,anrgni7,anrgp7,anrgt5247,anrgv247,anrhan247,anrhb7,anrhhl7,anrhit7,anrhkn7,anrhl7,anrhla247,anrhlkb7,anrhlkmr7,anrhll247,anrhll7,Anrhlt7,anrhm7,anrhn7,anrhnr7,anrhts7,anrhtt7,anrhu247,anrhul17,anrhul247,Anrhul247,anrhul296,anrhul5247,anrhul7,anrhul77,anricdon247,anrihn247,anriki247,anrimkb247,anrimkb7,anripy247,anrishb7,anrisu7,anrithvk247,anritk247,anritsh247,anritsh7,anritshh7,anriya5247,anrj247,Anrj5247,anrj7,anrja7,anrjaa247,anrjaa7,anrjam7,anrjaskr7,anrjb7,anrjbu7,anrjdp7,anrjendr7,anrjes247,anrjes7,anrjesbsn247,anrjesh247,anrjess7,anrjh7,anrjit247,anrjiv7,anrjj247,anrjj7,anrjju247,anrjju7,anrjkmar247,anrjkmr247,anrjkmr7,anrjkrw7,anrjn7,anrjn77,anrjndr247,anrjndr7,anrjndra247,anrjndrk7,anrjnis7,anrjs2477,anrjs5247,anrjs7,anrjsekr247,anrjsh7,anrjshc7,anrjskmr7,anrjssh247,anrjt247,anrjt7,anrjtknt7,anrjtksn7,anrjtnd247,anrju247,anrju2477,anrju7,anrju777,anrjubr247,anrjuu247,Anrjuu77,anrjuu777,anrjv01,anrjv247,anrjv7,anrjwn7,anrk7,anrk77,anrkb777,anrkc247,anrkes247,anrkes77,anrkesh247,anrkesh7,anrkh247,anrkm7,anrkm777,anrkmdl7,anrknt247,anrkp247,anrkrsh247,anrks247,anrks7,anrksh","anrksh247,anrksh5247,anrksh7,anrkshwla247,anrku7,anrkykb7,anrl7,anrl77,anrlk7,anrm247,anrm5247,anrm7,anrma247,anrma7,anrmakt777,anrmbu7,anrmesh7,anrmh7,anrmk247,anrmkdm7,anrmlk7,anrmll247,anrmn247,anrmn7,Anrmn77,anrmna247,anrmna5247,anrmnik247,anrmnk7,anrmrk7,anrms7,anrmsh247,anrmsh7,anrmsh77,anrmshh247,anrmshh5247,Anrmshh5247,anrmshk247,anrmu247,anrmu77,anrmuu7,anrnav7,anrngh7,anrnjet7,anrnjit247,anrnjt7,anrnjth7,anrnjtm247,anrnks247,anrnu247,anrnu5247,anrnu57,anrnvdr247,anrnycol7,anro247,anrohh247,anrohht247,anrohit7,anrohit77,anrohn247,anroht247,anroht7,anrohtrw247,anromi247,anronk7,anrony7,anroop7,anrop247,Anrop247,anrott247,Anroy7,anrp5247,anrp7,anrprsd7,anrps7,Anrps7,anrra247,anrraja7,anrrgu247,anrrht247,anrrja247,anrrjj247,anrrjjs7,anrrjju247,anrrjju7,anrrjjub7,anrrju247,Anrrju77,anrrkhn7,anrrks247,anrrm,anrrm7,anrrms7,anrrmsh7,anrrnjt77,anrrnku7,anrroht247,anrrvi7,anrrvnd7,anrrvvi247,anrryn7,Anrsbh5247,anrsd247,anrsgod247,anrsh5247,Anrsh5247,anrsh7,anrshb247,anrshi7,anrshkb7,anrshn247,anrshn7,anrshnis7,Anrsm247,anrtdp7,anrthr7,anrti7,anrtkk,anrtnshv247,anrtvk7,anrtwr7,anruchhi7,Anruhi247,anruhls7,anrul7,anrun7,anrunkmr7,anrup7,anruun7,anrv7,anrvdra7,anrvi03,anrvi247,anrvi5247,anrvi7,anrvi77,anrvib7,anrvii247,anrvii7,anrviirj7,anrvikmr7,anrvindr247,anrvitm7,anrvkb7,anrvn7,anrvndrg7,anrvpi7,anrvshy247,anrvt7,anrvtja247,anrvvi7,anry247,anrya7,anryn7,anrynstr7,anryu247,anryu7,anrzl7,ansaai7,ansaar247,ansaay7,ansachin7,ansad247,ansagr247,ansahd7,ansahid1,ansahil7,ansaii247,ansaikb7,ansaikmr247,ansaikrn247,ansaimd247,ansain247,ansajb7,ansakir7,ansakkb7,ansan247,ansani7,ansankr247,ansantu7,Ansantu7,ansanu7,ansatsh247,ansatya247,ansaurb7,ansaurb77,ansbash7,ansbhjt7,ansblu7,ansbmc247,ansbmk7,ansbt247,ansbu7,anschn247,anscin77,ansdahkr7,ansddm7,ansdeep7,ansdhir7,ansdhkr247,ansdhkr7,Ansdhkr7,ansdhr7,ansdi7,ansdip247,ansdka247,ansdkr7,ansdm5247,Ansdm5247,ansdma7,ansdrshn247,ansdrt247,ansdrth7,ansdrtth77,ansdth7,ansduu247,ansdv7,ansdy5247,ansekhr7,ansekr7,ansel7,ansema247,ansen7,ansesu247,ansetu247,ansfar7,ansgd247,ansghz7,ansgr247,ansgr7,ansgrck247,ansgth247,Ansgth247,ansgth7,ansha247,Anshad7,anshaik247,anshaik7,anshal247,anshalu7,ansham247,anshb5247,Anshb5247,anshbbr247,anshbf7,anshbr5247,anshdv7,anshek7,anshera7,anshgd7,anshhd7,anshhnn7,anshi5247,anshid7,anshik7,anshil7,anshilkb7,anshill7,anshin7,anshir247,anshish247,anshish7,anshiv247,anshiva77,anshivaa247,anshivam7,anshivkmr7,Anshivrj7,anshj247,anshk247,anshk7,anshkk247,anshkr7,anshkrf7,anshkrkb7,anshl247,anshlni7,anshm247,anshml7,anshmpl7,anshn7,anshnk7,anshnkkr7,anshnv7,anshok2477,anshrj247,anshrma247,anshro247,anshrr247,anshrxn7,anshshi7,anshsi247,Anshu9608,Anshuan,anshuu247,anshuu7,anshv1247,anshv7,anshv77,anshva247,Anshva77,anshvj247,anshvla247,anshvm247,anshvm7,anshvrd247,anshvrz7,anshvu7,anshwn247,anshym3983,anshymk247,ansi247,ansi7,ansibu247,Ansid5247,ansidd7,ansiddu7,ansif247,ansiidhu7,ansiinu247,ansiiv247,ansiiv77,ansik7,ansiluu,ansimit7,ansin247,ansiris257,ansirnu5247,ansish7,ansishb7,ansita5247,ansitta247,ansiv5247,ansiv7,ansiv77,ansiva7,Ansivacs2247,ansivm7,ansivm77,ansiwa247,ansiyam247,ansj7,ansjd247,ansjd7,ansjiv7,ansjjt7,ansjl7,ansjn247,ansjnn7,ansjvid7,ansjy247,ansjy7,ansjyd7,ansk247,ansk7,anskar7,anskarfli7,anskb7,anskhr7,anskin7,anskmtn7,anskna7,anskndrza7,ansknth7,anskrfi247,anskrhn7,ansksm247,anskt5247,anskti7,ansktvl7,anskukb7,Anskuskb7,anskvndr7,ansl7,ansles247,Anslm7,anslma247,anslr7,ansmbr7,ansmbu7,ansmd7,ansmhdr7,ansmim7,ansmit7,ansml247,ansmn247,ansmndr247,ansmpt247,ansmpth247,ansmr7,ansmrt247,ansmrth7,ansmt247,ansmt5247,ansmt7,ansmth7,ansmuel247,Ansna5247,ansna7,ansna77,ansna777,ansndar247,ansndep7,ansndiip7,ansndip7,ansndp77,ansndpp247,ansndr247,ansndr5247,ansndy7,ansngh247,ansngh7,ansngms7,ansni7,ansnil7,ansnill247,ansnj247,ansnj7,ansnjay7,ansnjay77,ansnji247,ansnji7,ansnjiv7,ansnjjy7,ansnju247,Ansnjv5247,ansnjv7,ansnjy77,ansnkar7,ansnkkr7,ansnl247,ansnl7,ansnll7,ansnny7,ansno7,ansnr5247,Ansnt5247,ansnthu7,ansntk7,ansntkr77,ansntos247,Ansntosh7,ansnts247,ansnts7,ansntsh7,ansntshk7,ansntts7,ansnu247,ansnu7,ansnu77,ansnuld7,ansnvas247,ansnvi7,ansnvik7,ansny7,ansny777,ansnya247,ansnyn7,anso7,ansomi7,Anson7,ansonu247,ansonu5247,ansonuu7,ansood7,ansot7,ansoukt7,ansprt7,anspu7,ansr247,ansr2477,ansr7,ansraj7,ansrana7,ansrao247,ansrb7,ansreram7,ansrfrz777,ansrh77,ansri247,ansrii247,ansriknt247,ansrin7,ansrinu7,ansrinvs247,ansripti7,ansriry7,ansrivstv7,ansrj247,ansrj7,ansrj777,ansrjd247,ansrjit247,ansrjkv7,ansrjt7,Ansrjt7,ansrk247,ansrkb7,ansrkn247,ansrknth7","Ansrknth7,ansrkr247,ansrkt7,ansrkth7,ansrndr77,ansrnvas7,ansrnvs247,ansrnvs7,ansrnvsa247,ansrraj247,ansrri247,ansrrj247,ansrrm247,ansrs247,ansrs7,Ansrsh247,ansrsh2477,ansrsh7,ansrshh7,ansrt7,ansrvn247,ansrvna7,ansrya247,ansryps247,anss5247,Anss5247,anss7,anssai7,ansshv7,anssiv247,anssk7,ansskr7,anssnk7,anssnu7,anssrb247,anssrh7,anssri5247,anssrn7,ansstsh247,anssu247,anssva5247,anstesh247,anstgn7,ansthkb7,ansthr7,ansths7,ansthya7,anstiis7,anstis7,anstish247,anstish7,anstk7,anstndr7,anstnsh7,anstrk,anstsa7,anstss7,anstvr247,anstvr7,ansty5247,Ansty5247,ansty7,Anstya7,anstyam7,anstym247,anstym7,anstym777,anstyndr7,anstynn247,anstyr7,ansuang7,ansubd7,ansubh7,ansubrm7,ansudhkr7,ansudhr7,ansufyn247,ansuj7,ansul247,ansumn247,Ansumn7,ansumnt247,ansump7,ansumt247,ansumt7,ansumts7,ansundr247,ansunel7,ansunil247,ansunl247,ansunl7,ansunlk247,ansunlkr7,ansur7,ansuraj247,Ansure77,ansures7,ansuresh777,ansurh247,ansuri247,ansurj247,Ansurj7,ansurjj247,ansurjs7,ansurndr7,ansurs7,ansursh247,ansursh7,ansurya247,ansurynsh7,ansush247,ansush7,ansusl247,Ansusl247,ansusma7,ansv7,ansv77,ansva247,ansva7,ansvj247,ansvkb7,ansvkm7,ansvm247,ansvrj7,ansvrm7,ansvtri7,ansvva247,answmi7,Answn5247,answta247,ansyam7,ansyan7,ansydk7,ansydvl7,ansym247,ansym7,ansymbu247,ansymm7,ansyrm7,antakr7,antanmy7,antarn247,antbz247,antej247,Antej247,anteja7,anteja77,antejja7,antejs247,antejs7,antfq7,anthipsh7,anthkr77,Anthmz7,anthnsh7,anthpsy7,antin7,antinku7,Antir5247,antirpati7,antja247,antja7,antjj7,antjs247,antjs7,antjud7,antlsigr7,antn777,antnis7,antnmy7,antomr247,antosf247,antpsa7,antrinth247,antrk247,antrml247,antrn7,antrpti247,antrun247,antrun7,antrun777,antrupti247,Antsh77,Antull777,anturn7,anubhv247,anubr7,anuday247,anuday7,anuddy247,anudin247,anudykrn247,anugra7,anuma7,anumar7,anumk247,Anumr247,anumr7,anumsh7,anupb7,anupta247,Anurag522,anurg7,anusdt247,anush247,anusha247,anushn7,anusmng247,Anusonluv7,anutsv777,anuttm7,anvamsi247,anvamsi7,anvbh7,anvbr7,Anvbr7,anvbv247,anvcky247,anvekt7,anvel7,anvenkat,anvenkat7,anvenky247,anvenky7,anvenu247,anvgrdy7,anvgsh7,anvhjn7,anvhu247,anvicy247,anvid247,anvid7,anviiru247,anvijay247,anvijs7,anvijy777,anvijykb7,anvik247,anvikas7,anvikks7,anvikrm247,anviky7,anvil247,anvin247,anvinky247,anvinn7,anviny5247,Anviny5247,anviny7,anvipn247,anvipul7,anvir247,anvirat777,anviru247,anvis7,anvishl7,anvishnu7,anvishvr247,anvisi247,Anvisl7,anvivk247,anviyy247,anvj247,anvjayy7,Anvjayyy,anvjjy247,anvjjy5247,anvjms7,anvjt7,anvjy247,anvjy2477,anvjy7,anvjy77,anvjyb247,anvjyy7,anvk7,anvk777,anvkas7,anvkky247,anvkna7,anvkrm247,anvkrm7,anvkrp247,anvks7,anvksh7,anvkshkr7,anvkss247,anvkss77,anvkta247,anvky247,anvky7,anvkyy247,anvlkb7,Anvls7,anvlu5247,anvml247,anvmshi247,anvmsi247,anvmsii247,anvn7,anvn77,anvnd247,Anvnd247,anvnd7,anvndd7,anvndu7,anvng7,anvnil247,anvnk5247,anvnkey7,anvnki247,anvnki7,anvnkky7,anvnkt777,anvnktg7,anvnkts7,anvnktt7,anvnky247,anvnky5247,anvnky7,anvnkyy247,anvnnk247,anvnod247,Anvnod247,anvnod7,anvnt7,anvntk7,anvnu7,anvnuu247,anvny247,anvny5247,anvny7,anvny77,anvnyy7,anvoid07,Anvoid7,anvpnkmr7,Anvr5247,anvrcs247,anvrdd7,anvrdhn247,anvrma247,anvrmma247,anvrn247,anvrnn7,anvrs7,anvrsh7,anvrt7,anvrt77,anvrtgy7,anvru247,anvrvkt247,anvsa247,anvsdu247,Anvsh247,anvsh7,anvsha7,anvshall247,anvshl247,anvshlko7,anvshng7,anvsl247,anvsl7,anvsmi7,anvsmy5247,anvsnu7,anvsu247,anvsu7,anvswk247,anvtrao77,anvtsr5247,anvtsr7,anvvijy247,anvvj7,Anvvj7,anvvjy247,anvvk7,anvvky247,anvvrt247,anvvsh7,anvvsl247,anvvyd7,anvysa247,anwinn247,anwse7,anwsh7,anxxu247,anyash7,anydv7,anyesu143,anyg5247,anygi7,anygkrw247,anygs247,Anygs7,anygsh7,anygsrn7,anyhk247,anyhka247,anyhup7,anyndi247,anyogs7,anyogs77,anyoyo7,anyraj7,anyrju247,anyrju7,anyrsmi7,anys247,anysh77,anyshvr7,anyvn247,anyyog7,anyysh7,anzbr5247,Anzd777,anzflkr7,anzid7,anzina7,anzishn7,anzkr7,anzmdx7,anzodex247,anzra7,anzrul247,anzshn7,appureddy,Aprince8,arab7,arai5665,araju7,Araju99,ARam9,aravind123,Aravindhu,Areddy78,arguseye123,arhul7,arjn247,Arjn247,arju77,arjunbhande,arjungavali,arman151,arman64,arpit36,arskb7,arul77,arun70277,arushi,Arvind0818,Aryan9069,aryanroy,arzafaiz,Asfkb77,Asha7613,ashish2000,ashish892,ashishh247,ashishh77,ashok9988,ashokmahour,ashujaat123,Ashuthakur0099,ashveer,Ashwani7453,Ashwin0000,Ashwin279,Asifisgreat,asndy77,asshokk,asuresh24,Aswi7,atabhi,atakkii7,atbdsa,atbsha,atdhirj,atgwd,athrim7,atlxmi,atmjunt,atmohn,atmohn247,atnom,atpavi,atpavi247,atpksh,atprm,atraja7,atrks,atrmss,atrvi247,atsgpt7,atsgr,atshv6,atsmt,atsndep7,atsndep77,atsnju247","atsntu,atsummt,atsumt,atsvaksna7,atsyb,attjs,atvnd247,Atvpl7,atwaz1,atygh247,atygi,avdvraj7,avi9105,avinash16,avinsandy,Avndkb77,ayushh,Aziz668,azmtkb7,baabu777,babji890,Babji890,BABLUTUDU,babucs7,baburkt,Bagale122,Baghel1112,Bajwanishan1,Baliram8890,baljeet,ballu7,bamr7,bandichandu,bannu777,bansade,bappa123,basha1234,Bavas,bbos7,bbu247,bdl247,Bdl247,Bhagwat89,Bhanuakash2003,bharath2333,bhaumik9219,bhavesh123,Bhimi,bhimujamadar,bhole40,bholeag7,bhrt77,bhrth7,Bhupen11,bhupendra,Bhupendra555,bijayc,biki786,bipendra7,Bistotle123,bjnkmr247,Bloody02,bmaarti7,bmabdul7,bmabh7,bmabhk7,bmabid7,bmabjt7,bmabk7,bmabkmr7,bmabshk7,bmaditya7,bmadrsh7,bmafnan7,bmagrwl7,bmajay77,bmajayy7,bmajith7,bmajjy7,bmajkmr7,bmajy7,bmakhl7,bmakit7,bmaksh7,bmakshv7,bmakshy7,bmaktag7,bmalati7,bmali7,bmaltf7,bmaltp7,bmaman7,bmaminl7,bmamma7,bmamn777,bmamnj7,bmamr7,bmamrth7,bmamt7,bmanam7,bmanish7,bmanj7,bmanjli7,bmanjyd7,bmankit,bmankp7,bmankr7,bmankur7,Bmanl247,bmanl7,bmanp7,bmanrag7,bmanrg7,bmans247,bmansh777,bmanshi7,bmantu7,bmanyap7,bmarfl7,bmarhn7,bmarjun7,bmarn7,bmarnkmr7,bmarvind7,bmarvnd7,bmasf7,bmash247,bmashk7,bmashok7,bmashsh7,bmashwin7,bmasim7,bmask247,bmask7,bmasmt7,bmastsh7,bmavndre7,bmavnsh7,bmavyn7,bmay7,bmayan7,bmayn7,bmazd7,bmba7,bmbaba7,bmbabu7,bmbby7,bmbdn7,bmbdo7,bmbgrl7,bmbgrth247,bmbhl7,bmbim7,bmbimal7,Bmbipal7,bmblbl7,bmbn7,bmboat7,bmbobby7,bmbpa7,bmbrh7,bmbrjkshr7,bmbrlal7,bmchndn77,bmchndu7,bmcht7,bmchtikr7,bmchtn7,bmdeepk7,bmdepk7,bmdgu7,bmdhar7,bmdhn7,bmdhu7,bmdhvr7,bmdiki7,bmdinu7,bmdipk7,bmdk7,bmdkh7,bmdon7,bmdp7,bmdpak7,bmdpk7,bmdpl7,bmdrgp7,bmdripa7,bmdvkr7,bmfrj7,bmfrkn7,bmfzan7,bmfzni7,bmgagn7,bmganpti7,bmgeeta7,bmgfr247,bmghan7,bmglu7,bmgnesh7,bmgnsh7,bmgolu7,bmgpi7,bmgpl7,bmgptaji7,bmgrsh7,bmgru7,bmgrvj7,bmgrvs7,bmgur7,bmguru7,bmgvrsh7,bmhbb7,bmhesh7,bmhmd7,bmhob247,bmhrdik7,bmhreh7,bmhrks7,bmhrm7,bmhrs7,bmhrsnkr7,bmhrstna7,bmhsn7,bmhusn7,bmidrs7,bminl7,bmintj7,bmirn7,bmirsd7,bmishu7,bmit7,bmizm7,bmizvl7,bmjabr7,bmjani7,bmjanu7,bmjay247,Bmjay247,bmjbr7,bmjdv7,bmjhd7,bmjid7,bmjisan7,bmjit7,bmjkr7,bmjku7,bmjkyadv7,bmjsda7,bmjsn7,bmkaml7,bmkaran7,bmkarn7,bmkatu7,bmkhli7,bmkhus7,bmkisan7,bmkla7,bmkld247,bmkldp7,bmkml7,bmkmr7,bmkna247,bmkno7,bmknta7,bmkp7,bmkpl7,bmkran7,bmkrna7,bmkrsn7,Bmkrt7,bmkshor7,bmkshv7,bmkshwnt7,bmksn7,bmksr247,bmksri7,bmkt7,bmkusl7,bmkya7,bmlan247,bmlky7,bmlxmi7,bmmahip7,bmmaj7,bmmani7,bmmhdt7,bmmhn7,bmmhndr7,bmmht,bmmht7,bmmiku7,bmmit7,bmmlkn7,bmmngl247,bmmngl7,bmmni7,bmmnj7,bmmnjt7,bmmnu7,bmmodi7,bmmoht7,bmmona7,bmmore7,bmmrk7,bmmst7,bmmuns7,bmnani7,bmnaryn247,bmnaryn7,bmnasem7,bmneetu7,bmneha7,bmngr7,bmngrj7,bmngru247,bmnishu7,bmnitya7,bmnj7,bmnju7,bmnk7,bmnmn7,bmnoj7,bmnrao7,bmnrd7,bmnrds7,bmnryn7,bmnsh7,bmntn,bmntn7,bmntnrwt7,bmntsh7,bmntu7,bmnyn7,bmnyrn7,bmnyz7,bmnzm247,bmonu7,bmoom7,bmpankj7,bmpant7,bmparsu7,bmpawar7,bmphlp7,bmpin7,bmpinn7,bmpk7,bmpnkj7,bmpnm7,bmpntu7,bmpooja7,bmposhnt7,bmpr7,bmprb7,bmprd7,bmprdeep7,bmprdm7,bmprdp7,bmprm77,bmprnc7,bmprnct7,bmprvin7,bmprvn7,bmprvsh7,bmprya7,bmptk7,bmpunu7,bmpvkm7,bmpvkmr7,bmraaj7,bmraav7,bmradh7,bmrahul247,bmrahul77,bmraj7,bmraj777,bmraja7,bmrajju7,bmraju7,bmraju77,bmraju777,Bmramn7,bmrani7,bmranu7,bmravi7,bmravi77,bmrdh7,bmrdha7,bmrdhi7,bmrdl7,bmrfl7,bmrggu7,bmrgn7,bmrh7,bmrhgt7,bmrhit7,bmrhl777,bmrhlk7,bmrhn7,bmrhon7,bmrhul7,bmrisht7,bmritwk247,Bmritwk247,bmrj7,bmrjbh7,bmrjj7,bmrjkm7,bmrjkmr7,bmrjn7,bmrjp7,bmrjrai7,bmrjs247,bmrjs7,bmrjsh7,bmrjshh7,bmrjuu7,bmrjydv7,bmrk7,bmrk77,bmrkh7,bmrkyb7,bmrman7,bmrmn7,bmrmt7,bmrmu7,bmrni7,bmrnjt7,bmrnjt777,bmrnk7,bmrnt7,bmrnu7,bmrohit7,bmroht7,bmront7,bmrosn7,bmrp7,bmrpt247,bmrrdy7,bmrrl7,bmrrvi7,bmrshb7,bmrshn7,bmrsn7,bmrti7,bmruhl7,bmrvamt7,bmrvi7,bmrvk7,bmrvkng7,bmrvn7,bmrvsl7,bmrvvi7,bmrzwn7,bmsachin7,bmsachn7,bmsad7,bmsagr7,bmsahl7,bmSahu7,bmsantsh7,bmsaur7,bmsbdra7,bmsbir,bmsbr7,bmschd7,bmschn7,bmsdml7,bmsgrr7,bmsh7,bmshaikh7,bmshankr7,bmshb7,bmshbm7,bmshbu247,bmshd7,bmshhu7,bmshiv7,bmshiva7,bmshkr777,bmshm7,bmshnkr7,bmshu247,bmshu7,bmshv7,bmshvu7,bmshymk7,bmsid7,bmsif7,bmsiv7,bmsiva7,bmsivm7,bmsixto7,bmsjal247,bmsjn7,bmskt7,bmslmbbu7,bmsmi7,bmsmit7,bmsmpt7,bmsmr7","bmsmt7,bmsnd7,bmsndr7,bmsnj7,bmsnjv7,bmsnjy247,bmsnjy7,bmsnk7,bmsnth7,bmsntsh7,bmsnu7,bmsny7,bmsol7,bmsomu7,bmsonu7,bmspn7,bmspna7,bmsrbswr7,bmsrd7,bmsrf7,bmsri7,Bmsrj247,bmsrj7,bmsrk7,bmsrkr7,bmsrm7,Bmsrmn7,bmsrnvas7,bmsrsh7,bmsrt7,bmstsh7,bmsumit7,bmsumt7,bmsunl7,bmsunny7,bmsurj7,bmsurs7,bmsursh7,bmsva7,bmsvm7,bmswati7,bmsyed7,bmsypto7,bmtgr7,bmthn7,bmthvndr7,bmtipu7,bmtja7,bmtks7,bmtky7,bmtrn247,bmtrshka7,bmvani7,bmvarun7,bmvek77,bmvijy7,bmviks7,bmviks77,bmviky7,bmvisal7,bmvishu7,bmvisl7,bmVivek2812,bmvivek7,bmvivk7,bmviy7,bmvjy7,bmvk7,bmvkas7,bmvks7,bmvksk7,bmvkt7,bmvmjt7,bmvmsn7,bmvnkt7,bmvnny7,bmvny7,bmvpn7,bmvsh7,bmvsk7,bmvsl7,bmvvk7,bmwin7,bmwrhl7,bmyadv7,bmydv7,bmygndr7,bmygsh7,bmynk7,bmysh7,bmysh777,bmznth7,bnjugl7,bnu7,Bolu123,Bong2025,Book76788,boss247,bourammayadav,bpcbabu,brjshcs7,brv7,bsekhar,bshsksmd,BSlucky,Bsnt7,btu7,bubai2001,bunny66,bunnyvenkat9,bunt7,buntys,bunyy,busy0707,bvscs7,caaju7,caamt247,cabblal247,cabsva7,cahari7,caksr7,candy123,cayn7,cayn77,chaitan0,Chakri5555,chakrim,chaman,Chandan7325,Chandanbond,ChandanPatel12,Chandarsekhra,chandhu247,chandru,chandu,chandu123,chandu143,chandun6,channd,Charans87,chauhan,CHAUNDA,chdry7,chekri111,chenaa,cherra,chhotukashyap,Chiko77,chintoo11,chintxxuhh,chndru7,chnna247,Chokka123,chotub247,choudhary720,Choudharysoyal,Christy9222,Chudan,Ckarthi7,Ckiran95,ckram7,cmahsh247,cmahsh7,cmajn247,cmaksy7,cmaku7,cmali247,cmanpdr247,cmarn7,cmarpt7,cmaryn7,cmashk247,cmavjt7,cmayn7,cmazm247,cmbmb247,cmcrg7,cmcytr7,cmdbssh7,cmdlp7,cmdngi7,cmdni7,cmdp7,cmdsn7,cmdva7,cmglu7,cmgns7,cmgrv247,cmhet7,cmhir7,cmjnu7,cmjosh7,cmkange7,cmkpri7,Cmkshl247,cmksn7,cmktk247,cmkvi7,cmkvlib7,cmlalit7,cmlky7,cmmaa7,cmmhit7,cmmkl247,cmmni7,cmnges247,cmnitin7,cmnshr247,cmntu7,cmnzim247,cmom7,cmpkj7,cmppdr7,cmprvi7,cmrahul7,cmraj7,cmrcky7,cmrhd7,cmrhl247,cmrhul247,cmrjkb247,cmrjs7,cmrks247,cmrks7,cmrya7,cmsai7,cmsamy7,cmsbu247,cmschn7,cmsekr247,cmshi247,cmshk7,cmsmira7,cmsn7,cmsndpk247,cmsnj247,cmsnl7,cmsnlk7,cmsrbh7,cmsrj7,cmsrk7,cmsrsh247,cmsubm247,cmtnuj7,cmvirt7,cmvks7,cmvrt7,cmvsnu247,cnsre7,confused1995,cool121,cosmicryan2006,Cpoonm977,Crakhi77,crchtn7,crdksh247,crgajann7,crktsvr7,cru143,crzyrohan143,csaakshh7,csaanil7,csabbi7,csabdsh7,csabh7,csabhnv7,csabhy7,csabi7,csabkr7,csabnp7,csabns7,csabrhm7,csabsk7,csabzl7,csaddy7,csadhu,csadin7,csadity7,csadl7,csadlla7,csadrj7,csadsh7,csadula7,csagr7,csahin7,csahn7,csahwn247,csahwn7,csai7,csaira7,csaiswrya7,csaj7,csajd7,csajit7,csajju7,csajk7,csajm247,csajy247,csajy7,csajy77,csajyy7,csakas7,csakash,csakh247,csakml7,csakram7,csaks7,csaksh247,csaksha7,csakshy7,csaktr247,csaktr7,csaky7,csal7,csalam7,csali77,csalia247,csalk7,csalka7,csalkdkd7,csallli7,csalok7,csam247,csaman7,csaman77,csamar7,csamer7,csamit247,csamit7,csamitt7,csamnn7,csamnn77,csamnth7,csamrr7,csanad7,csanbu7,csand247,csanikt7,csanil7,csanill7,csanjanb7,csanji8,Csanjni7,csankit247,csankit7,csankr7,csankt247,Csanl247,Csannand7,csannk7,csannli7,Csannna7,csannu7,csansh7,csansr7,csant7,csaok7,csapstr7,csaptl7,csarjun,csarna7,csarnkr7,csaro7,csarpmty7,csarun,csarun77,csarvd7,csarya7,csasak7,csashh7,csashi247,csashj7,csasif7,csasiis7,csasiq7,csask7,csaskrd7,csaslmpa7,csasmn247,csasok7,csasrf7,csasu247,csathi7,csatl7,csaun7,CSAVI7,csavinash,csavngr7,csayub7,csazi7,csazm7,csbby7,csbdl7,csbdon247,csbdri7,csbhgrth7,csbhla247,csbhola7,csbhru7,csbhskr7,csbib7,csbikki7,csbindu7,csbisvjt7,csbki7,csbkr7,csbla247,csbla7,csblj7,csblji247,csblkr7,csblrm7,csbm7,csbmkmr7,csbnk7,csbnri7,csbnth7,csbnti247,Csbnu247,csbny247,csboss247,csboss7,csbp7,Csbpal247,csbpds7,csbrdvj7,csbrj7,csbrmiah247,csbsdb7,csbshk7,csbshn7,csbsva7,csbsvrj247,csbsvrj7,csbts7,csbvs247,csbws7,csbzgr7,cscdu7,cscdy247,cschaandn7,cschdmba7,cschdry7,Cschhn7,cschinna7,cschmlv7,cschnddn7,cschnth7,csckpl7,cscndb7,cscndu7,cscnti7,cscta7,csdayal7,csddev7,csdebu7,csded7,csdek7,csdep7,csdev7,csdevndr7,csdgm7,Csdhnbln247,csdhnu247,csdhrj7,csdhrjya7,csdhru7,csdini7,csdipkmr7,csdkd7,csdkr7,csdlp7,csdlpkmr7,csdlu247,csdnh7,csdnraj7,csdns7,csdon7,csdp7,csdppk7,csdrg7,csdrgh7,csdrshn7,csdru247,csdrug7,csdsynt7,csdthu7,csdupb7,csdv247,csdva7,csdvd7,csdvid7,csdvn7,csdvnd7,csdvndr7,csdvndy7,csdvnnd7,csdvnr7,csdvv7,csdvy7","csesvr7,cseswr7,csfaiz7,Csfayaz7,csfkl7,csfkn7,csfkrdn7,Csfth7,csfz7,csfzn7,csganh7,csgarv7,csgclk7,csgdu7,csgeh7,csggans7,csgh7,csgld7,csglvr7,csgnga7,csgni7,csgnshm7,csgnvmsi7,csgpi7,csgpl7,csgr247,csgr7,csgrdhn7,csgri7,csgrpsd7,csgrr7,csgru7,csgrv7,csgsh7,csgtcd7,csgtm7,csgum7,csgur247,csgur7,csguru77,csguse7,csgvnd7,csharh7,csharmaa7,csharsh,cshbz7,cshdv7,Cshhvm247,cshi7,cshimsu7,cshiv7,cshiva7,cshkmr7,cshmnshu7,cshmnsu7,cshmnt7,cshmnth7,cshmnu7,cshmth7,cshndu7,cshni7,cshnmn7,Cshnmt7,cshnmth7,cshnr247,cshns7,cshony247,cshos7,cshri7,cshrif247,cshrj7,cshrndrk7,cshrnp7,cshrs247,cshrs77,cshrst7,cshsed7,cshsen7,cshsk7,cshst7,cshtsh7,cshusn7,cshva7,cshvkmr77,csibrahim7,csidlu7,csidrgl7,csijs7,csiju7,csiman7,csimi247,csimmrn7,csimran7,csimrn247,csimrn77,csindu7,csirj7,csirn7,Csirrffn7,csistl7,csisvr7,csityl7,csjaga247,csjaga7,csjangr7,csjatt7,csjay247,csjay7,csjaya247,Csjaya247,csjayh7,csjayy7,csjdl247,csjdu247,Csjdv7,csjgbn7,csjgds7,csjgns7,csjgrp7,csjgu7,csjhir7,csjhn7,csjhu7,csjigs7,csjitu247,csjitu7,csjjay7,csjjy7,csjkkth7,csjmes247,csjnd7,csjnfr7,csjnu7,csjnv7,csjoe7,csjohn7,csjosna7,csjsh247,csjshd247,csjsn7,csjspl7,csjsree247,Csjsri7,csjsrm7,csjtdar7,csjtdr7,csjtndr247,csjtu7,csjtutkr7,csjundk7,csjved7,csjvid7,csjy247,Csjydp7,csjymn247,Csjynth7,cskamal7,cskaml7,cskamrn247,cskan7,cskannu,cskanu,cskaran7,cskarnn7,cskash7,cskblrdy7,cskdr7,cskfz7,cskhan7,cskirnn7,cskisn7,cskitu7,cskjl7,cskkn77,cskkrn7,cskldp247,cskldp7,csklkr7,csklm247,cskls7,csklsh7,csklsm7,csklyn7,csklyo7,cskmal7,cskmar7,cskmr7,cskn7,csknddn7,csknl7,csknna7,csknth7,csknu7,cskps7,cskr7,cskran7,cskrantj7,cskrhs7,cskrish7,cskrmh7,cskrml7,cskrn7,cskrn77,cskrnp7,cskrnt7,cskrpa7,cskrrn7,cskrs7,cskrshk7,cskrshn7,cskrsv7,cskrtk7,cskrtkh7,csKrunal7,csksa7,csksh7,cskshl7,cskshn7,cskshna7,cskshr7,cskshrm7,cskshro7,csksl7,csksna7,csksnrk7,csktr7,cskttu7,csktu7,cskudp7,cskummr77,cskumr7,cskumr77,cskur7,cskvya7,cslahn7,cslatsh7,cslaxmn7,cslcbali247,cslksh247,cslky7,csllcky7,cslln7,cslmn7,cslthir7,csltn247,csltn7,csltsh7,cslvh7,cslvsh7,cslxa7,cslxm7,cslxmm7,cslxmnn7,csmad7,csmadhv7,csmahi7,csmahsh7,csmahsh77,Csmaj7,csmaju7,csmalk7,csmansh7,csmansr7,csmash7,csmbaba7,csmbskr7,csmcndn247,csmd247,Csmddhu7,csmdhsn7,csmdj247,csmdr7,csmdshfi7,csmeet7,csmerr7,csmgmb7,csmgna7,csmgru7,csmh7,csmhd7,csmhdr7,Csmhdv247,csmhes7,csmhesh7,csmhhn7,csmhht7,csmhin247,csmhit7,csmhkl7,csmhl7,csmhmmd7,csmhndr7,csmhndr77,csmhndra7,csmhr247,csmhsh7,csmhshk7,csmht247,csmilan247,csmit247,csmjnr7,csmjth7,csmju247,csmkesh7,csmkh7,csmkj7,csmkr7,csmkrn247,csmksh247,csmkt,csmlgri7,csmlik7,csmllsh7,csmllsh77,csmmer7,csmmjk7,csmn7,csmndl7,csmndr7,csmnesh77,csmnis77,csmnj7,csmnjkr7,csmnjni7,csmnjt7,csmnju7,csmnju77,csmnjy7,csmnk7,csmnlal7,Csmnmt247,csmnnoj7,csmnoj7,csmnojk7,csmnsh7,csmnshh7,csmnsr7,csmnsvli7,csmnswr7,csmntu7,csmnzr7,csmoh7,csmohan7,Csmohn77,csmoks7,csmoni7,csmp7,csmrhn7,csmrlt7,csmrms7,csmrwdi7,csmryr247,Csmsbyd7,csmshil247,csmshni247,csmsr7,csmsrpd7,csmt247,csmtu7,csmujmil7,csmuks7,csmuksh247,csmuksh7,csmvi247,csmy7,csmya7,csmyr7,csnani7,csnbi7,csnda7,csndas7,csndhi7,csndip7,csndp7,csndu7,csndulal7,csndvi7,csndy7,csngja7,csngmli7,csngrju77,csngs7,csngsm7,csnhr247,csnikil7,Csnimsh7,csnirajj7,csnitu7,csnjbs7,csnjr7,csnju7,csnkhil7,csnkl7,csnksh7,csnlp7,csnni7,csnnvn7,csnrdbn7,csnrdr7,csnrdra7,csnreh7,csnren7,csnrnd7,csnrndra7,csnryn7,csnshs7,csnsr7,csnthu7,csntin7,csntnrai7,csntsh7,csntshh7,csnu7,csnuu7,csnvin7,csnvn7,csnvnk7,csnvnn7,csnvs7,csnvvn247,csnyn247,csnyna7,csnzr7,csoab7,csods7,csomi7,csonu247,cspab247,cspan7,cspandi247,cspann7,cspavn7,cspbk7,cspbr7,cspbu7,cspdhn7,cspdhu7,csphlwn7,csphni7,cspinki7,csplbk7,cspm7,cspmbu7,cspmty7,cspn7,cspnd7,cspnj7,cspnk7,cspnki7,cspnkin7,cspnkj7,cspnky7,cspnth247,cspntu247,cspnu7,cspoonia247,csppuds7,csppwn7,csprbhsk247,csprbu7,csprdeep7,csprdep7,csprdp7,csprdps7,csprem7,csprgu7,csprkash7,csprkm7,csprksh7,csprm7,csprmm247,csprms7,csprmsh7,csprmu7,csprn7,csprnc7,csprnc77,csprncc7,csprnjl7,csprnt247,csprnt7,csprsh7,csprsml7,csprsnath7,csprsnt247,csprsnt7,csprsnth7,csprt7,csprtsh7,csprveen7,csprven7,csprvin7,csprvka7,csprvn247,cspry7,cspryd7,cspsd7,cspsnt7,cspsnth7,cspsrm7","cspssna7,cspssrd7,cspstlm7,csptel7,csptil7,csptl7,cspto7,cspujn7,cspun7,cspuppy247,cspvan7,cspvd7,cspvn247,cspvny7,cspvvn7,cspwn7,cspwnk7,cspy7,cspysh7,csqrl7,csqun247,csqurec7,csraaja7,csraam7,csrab247,Csrab7,csrabh7,csraj247,csraj77,Csrajaa247,csrajju7,csrajsh7,csraju247,csraju7,csram7,csrams247,csrani7,csrao7,csras7,csratnes7,csravi7,csravi777,csravii247,csravl7,csravvi247,csrbu7,csrda7,csrddhe7,csrdha7,csrdhe7,csrdhhe7,csrdr247,Csrdr247,csrdra7,csrgh247,csrghu7,csrgnath7,csrhhl247,csrhhl7,csrhit247,csrhit7,csrhk7,csrhl247,csrhl7,csrhld7,csrhn247,csrht247,csrht7,csrhtt7,csrhul7,csrhull7,csrhulrj7,csrin7,csrit7,csrj7,csrjbl7,csrjbr247,csrjh7,csrjj7,csrjja247,csrjjo7,csrjju7,csrjk7,csrjkm7,csrjkr7,csrjksk7,csrjm7,csrjpl7,csrjs777,csrjsh247,csrjsh7,csrju7,csrjup7,csrjuu7,csrjy7,csrkes7,csrkr7,csrks7,csrksh7,csrl7,csrlrpt7,csrma7,csrmbbu7,csrmcrn7,csrmds7,csrmgy247,csrmh7,csrmhn7,csrmna7,csrmro7,csrms7,csrmshr7,csrndhir7,csrndr7,csrni7,csrnj7,csrnjdr7,csrnjit7,csrnksh247,Csrnky7,csrnth7,csrntnha7,csroks7,csrot7,csrpg7,csrpl7,Csrraahll7,csrrghu7,csrrhl7,csrrhul7,csrrj7,csrrjes7,CsRrjjuu7,csrrju7,csrrm7,csrroht7,csrrvi7,csrrvii7,csrry7,csrs7,csrsh7,csrshb7,csrshni7,csrslam7,csrsstj7,csrt7,csrtar7,csrthd7,csrtu247,csru7,csruhl7,csrv7,csrvii7,csrvii77,csrvikmr7,csrvitja247,csrvndra7,csrvrj7,csrxrju7,csryl247,csryl7,csrylt7,csryz7,cssaad247,cssaahl247,cssab7,cssabhk7,cssai7,cssaikm7,cssaimn7,cssaju7,cssam7,cssanu7,cssarnn7,cssayn7,csschin7,csscin7,cssdb7,cssdep7,cssdha7,cssdrga7,csseshn247,cssgr247,Cssgr247,cssgr7,csshit7,csshiv247,csshiv7,csshiva7,csshk7,csshlesh7,csshlol7,csshn7,csshni7,csshnkar7,csshnkr7,csshnu7,csshoday7,csshprd7,csshrj7,csshrn7,csshty7,csshul7,csshva7,csshvm7,csshy7,cssidi7,cssidli7,cssidu7,Cssimran7,Cssivrju7,cssivva7,cssjan7,cssjay7,CSSJD7,cssjl7,cssjlp7,cssjn7,cssjt7,cssjy7,csskbr7,csskimrn247,csskn7,cssknt7,cssknth7,csskran7,cssks7,cssksh7,cssksha7,cssktl7,csslkmr7,cssm247,cssm7,cssm77,cssma7,cssmdh7,cssmem7,cssmhes7,cssmn7,cssmni7,cssmnth7,cssmpth7,cssmr247,cssmr7,cssmrm7,cssmt,cssmt7,cssmuel7,cssn7,cssn77,cssnadp7,cssnddp7,cssndep7,cssndp7,Cssndpp7,cssndyr7,cssnh7,Cssnj7,cssnjay7,Cssnjt7,cssnju7,cssnjy7,cssnjyd7,cssnkkr7,cssnkmr7,cssnlk7,cssnndp7,cssnnil7,cssnnu7,cssnts7,cssntsh7,cssnu247,cssnu77,cssny7,cssonu7,cssraajj77,cssrb247,cssrb7,cssrbh247,cssrdra247,cssrj7,cssrjkr7,cssrjndr247,cssrn7,cssrnu7,cssrshh7,cssrthak7,cssrya7,csssh7,cssshhv7,csssnyy247,csstdhr7,cssths7,cssts7,csstsh7,cssty7,csstya247,cssubm7,cssum7,cssumit,cssumit7,Cssunill247,cssunu247,cssva7,cssvrm7,cssyd247,cssydl7,cssydnar7,cstafk7,cstbrz7,csthrn7,csthun7,cstikhal7,cstimpa7,cstirpthi7,cstlbps7,cstmp7,cstnson7,cstpl247,cstpswy7,cstrn7,cstrth7,cstsi7,cstufk7,cstump7,cstvi7,cstya7,cstym7,csujvl7,csullgd7,csumes7,csuml7,csumn7,csumpti247,csumt777,csurj77,csvaptr7,csvcky7,csvednt7,Csvenkyy7,csvhwa7,csviiks7,csvijay7,csvijy7,csvikks7,csvikram,csviky7,csvind7,csvinnd247,Csvinod7,csviny247,csvip7,Csvissl247,csvivk247,csvjay7,csvjjy7,csvjk247,csvjnd7,csvjnh7,csvjpl7,csvjth7,csvk7,csvki7,csvkl7,csvkrm7,Csvkrmm7,csvktsh7,csvky7,csvm247,csvmnk7,csvms7,csvnay247,csvnd247,csvngr7,csvnkt7,csvnky247,csvnnd7,csvnny7,csvno7,csvny7,Csvnyy7,csvpul7,csvru7,csvs7,csvshl7,csvsita247,csvvjy77,csvvk7,Csvvny777,csvyn7,cswpn7,cswrtsh7,cswsim7,csydv247,csydv7,csydvji7,csyg7,csymbu7,csyogi247,Csyogs247,csyogs7,csyonus247,csyraj7,csysf7,csysh7,csyshp7,csysvnth77,csytsh7,csyvrj7,cszaid247,cszl7,cszvu7,D1g89gjatav,D7mmh,dablu693,dahariya123,Dar121654,Dar68964,Darklord00,darshan0711,das5247,das57,dattuvelaga,dczala,Deardark77,deeep7,deekshu123,deep35555,deepak8,deepakghikara09,deepk7,depk777,Destinychild31,devaa7,devala7,Devandra25,devusha,dgammingkid,dhara1212,dharani555,DHAUNASH,dhavan7,dhaya7,dhimand55,Dhiraj361,dhrjk7,dikshapareek,dileep247,dileeppandey,dilo1234,dilpkb7,dimpy2540,Dimpy2540,Dineshkumarc,dipak1999,dishi7,Divyaabhi,Diya112,DJdurai7,dk2742,dnsh7,Dolly007,dollyloki100,don100,Don8919,Doni123,Dopaa12,drml5247,druvan2024,dryan7,Dsalve1987,dtamli,dulal7,dulampavvi,dvlalcs7,dvndr7,Ekta0411,elsa2131,eraja1993,Excuseme12,faiz664,Faizulla,fardn7,farid9867,farsh7,Fatima92,fayad55,Fayazkhanlodhi,fazal786,Fazlil,fdrnkb7,Franci27,frdn7,Freddy1,frmn7,frq7,gaane7,gabuanil,Gabuanil1,Galaxy00555","Gana5575,ganesh17,ganesh245,Ganesh4461,Ganeshgs,Ganeshh698,Garikina17,gau2501,Gaurav979577,gaurv77,gauurv,georcs7,George1234,gganesha7,Ggkcrh11,Gir247,giri5247,giriraj01,gk7275,gmmnj7,gmsnjy7,gnesh777,gngdhr7,gnh7,gnsh7,gola1234,Gonelakashi,gopal2004,gopal528,Gopi777777,gopi99123,Gopilanka,gopinath23,gopinath26,gopl7,goura5,Goutham321,govardhacv,govind,govind5624,Govind7078,Gowdadhanu777,gowthamv55,gpnarayana,gprdy247,grdhri247,grprkb7,gru77,grumla7,gs83270,gssantosh6,guna123,Gunna19840604,gutmcs7,Guudu2200,gvtrp247,gyrvk247,hajarat407,haju077,hamkb7,Hanuman1807200,Hari224433,hari9352,Hari964010,Harish1502,harish4343,harite,Harsh550099,hemanth8919,Henty,himanshu5,hitman9999,hmfa,hmkhs7,Holika99,honey0077,hri247,hri7,hrshcs7,Human78612,Hussain7306,ibraheem25,imren,ipl2025,isryelu7,iswrkb77,izzu4007,jaat1917,jack0303,jadeja,jagan2323,jagat9800,jajayy7,jajy7,Jakkoju,jalil00,janat123,janikets7,jantilal,jarvis07,jash247,Jasha3,Jaspal7773,javd7,Jay170393,jay5247,Jay5247,Jayanta2798,jayaprakashyadav,jaydp7,jaytandan,Jayubha16,jbikshro7,jchtn247,jcntz7,jcpatel,jdmrull247,jdpk247,jdrg7,jdrmsh7,jdurga7,jetys7,Jeyguru,jgiri247,jgri7,jharibabu,Jhero247,jhikb7,jhr7,jhtsh247,jimran7,jit7465,jitndr7,jitndrk,jitos7,jitu123,jitu3434,jituc720,jjgdsh7,jjms7,jjnk7,jjwl7,jkaleem7,jkittu247,jkittu7,jkmr7,jkr7,jkrn247,Jkrn247,jml7,jmoin7,jmoti7,Jngrj7,jnn7,jnvn7,joshc,jpdi7,jprksh247,jprsd247,jprtm247,jpsnd247,jrajaa7,jrghu7,Jrghu7,jrhlk7,jrjkmr247,jrjsh247,jrksh7,jrmesh247,jrshu7,jrvi7,jrvipra247,jschin7,jshbm247,jshm7,jsivaa7,jsrj247,Jsrj247,jsrnu247,Jsubbu247,jtnku7,jveda247,jvnu247,jvnu7,jynti7,jyrj7,kaalu7,kaanha7,kabali,kaf7,Kalakonda,kalluu777,kalpana143,Kalyan150,kalyanbabu,kamal1996,kamlesh12,kana247,Kanj456,kanshana,Karan8898,karan9898,Karanam123,karanmansi,kareem128,karthi1998,karthik,karthik123,karunakar,katappa,Kbc444,kboss7,Kempanna1201,keshav7v,Ketanji001,keten,keyu2409,kgr7,khaleek,khaliman,khasha222,khboo7,khnn7,khrmni7,kiirn,king2000,Kiran70D,KiranBoss,Kirancn17,Kirancn7,kiranmortha,kirn77,kirodi12321,kishan2423,kishore247,kk271220,Kkbk6200ashu,Kkn143,kkpuji786,Kktreddy9966,kldpcs7,kmlng247,kmr7,kmrcs7,kmscs7,kmsh247,kmta247,knby7,Kndileep7,knl7,kosinepalli123,kowshik1997,krg12345,krgr7,Krishema,Krishna143yadav,krishna310,krishna67,KRISHNA81102,krishnabharat,krthik7,krunal,kshna7,kshukb7,kt5061,Kuchi11,kuldeepsahu0077,kumarsivapu,Kuna52,kunal123123,kunal12345,Kunal141997,Kunal155,kunal502,kushal7707,kvamsi9,lala102030,lalt7,lalu2002,lav6865,Laxmii1990,Laxminarayan14,laxminarayan143,leelapavan81r,leon12,lmbodrp247,lokeshn7,lord267,Lovely17,Lovelychitti,lp24vik,lsy7,Luck2214,lucky05152010,lucky07,Lucky7317,LuckyAbhi,lusondmj,M7mmh,maa1785,MaariSrikanth86,mabhay7,madan1999,maddy123,madhu12,Madhu9666,madhusha143,madhuu7,madroxx,magicreddy,Mahakaal31,Mahakal7062,Maheboob444,Mahesh258025,mahesh8,mahi247,mahio7,Makhan7,makil7217,Maksharma466,malxmi,manek786,manes,MANGESH321,mani16singh,manii77,manikanta,Manishkumar120,Manja1999,manjil123,manju3555,manju9848,manjuu7,Mank902,mannu123,Mannuidea,mannusha,manohr7,manoj55,ManojAv62,mansimansi,manu6828,marjn247,mary18,mash7,mbishu7,Mdfaqru,mdn7,mdriya,mdsameer,meet48,MEGHANKUMAR789,Merck,mgkul247,mgpl247,mguru7,mha7,mhl77,mhn7,mhndr247,Mhndr247,mhntsh7,mhveer,Mirabee,mitrajsinh,mitthurj,Mk456mk,mkes7,mknu7,mkprajapat9057,mkrtk7,mks7,mlalit7,mluv7,mmah247,MMANI7,mmbhnu7,mmbhupd7,mmcnt7,mmdhn7,mmdk7,mmdm7,mmgolu7,mmgrv7,mmhmn7,mmhrn7,mmjgnu7,mmkhan7,mmkm7,mmkrn7,mmksh7,mmmnj7,mmnehak7,mmnku7,mmoni7,mmprn7,mmravi7,mmrdy7,mmrja7,mmrk7,mmrnjn7,mmrudra4447,mmrwtji7,mmsaani7,mmsinu7,mmsmr7,mmspa7,mmsri7,mmstn7,mmvny7,mmvshl7,mnbt7,mnish247,Mnish247,mnjkb247,Mnjkb247,mnnj247,mnshk247,mntsh7,Mohamad901,Mohamedsharuk,mohan21,Mohan8799,mohit123123,Mohitsaru1699,Moin5555,moinali11,moksh247,Moksh247,mominul09,moni1707,monu8767,mordhwaj,mouendera,mounesh7,mprnju7,mprsna7,mram1342,mram1430,mravi247,mrbn7,mrdsh7,mredy7,mrhn7,mrthja7,msaf7,Msdhoni007,mshk7,mshvna7,mskkbabu,Msmobiles,msndp247,Msohl7,msrdy7,msrsh7,msthn7,msudp7,mteja247,MTeja247,mthi247,mthy7,Muddubangar9686,mujakri,Mujj77,mukh7,mukuld,murari2277,mutuydv,Muvi1972,muzu,muzu247,mvdprksh7,mvishl7,mvr6639,mwsem7,mylapillivimala,Mythili,nadeemkhan556,naeirm247,naga247,Naga786a,Nagarajshy7,nagaraju123,nageshindana,nageshnaik,nagg7,naidu226,naiduu7,naiik,Naik630,NAKK1992,nakk7,naloks247,Nangedda,nani247,nani5106,nani9999,naprksh247,Naraju9,naresh","nareshguptha,nareshmodak,narhri,narndr7,Nasreen12,naved8,naveen247,Naveen5624,naveen66,naveent,Navinpandala,navl7,navyadav,Nayak738,neelesh,neha22331,ngovardhanreddy,ngp8271,ngrjcs7,ngrju7,niddi,nihi247,nik555,Nikhet5,nikile,nilesh247,niranjan14,nishank14272,nisna,nitesh1992,nitesh92,Niteshthakur,nithincbe123,nithinp,nitish1,nizam8125,njay7,Nks99,nmjvd777,nndhu7,nprdp247,nraju247,nrjkb247,nryncs7,nsabh247,nsabhi247,nsabi247,nsabshk777,nsaikshn247,nsaishu247,nsajbhai247,nsajy7,nsakk247,nsaky247,nsali91,nsand247,nsand91,Nsand91,nsanl247,nsanrd247,nsanrg247,nsarifkn247,nsarpt247,nsayar247,nsayush247,nsbilal247,Nsbilal247,nsblj247,nsbnv247,Nschlpthy247,nschnna247,nsdeva247,nsdn247,nsdnsh247,nsdnsrn247,nsdolly247,nsdpk247,nsdrgk247,nsdrgt247,nsdrsh247,Nsdrsh247,nsdu7,nsgdsu247,nsgopi247,nsgpl247,nsgpnd247,nsgupta247,nsgupta97,nshari247,nshkr247,nshmn247,nshms247,Nshmt91,nshri247,nshrsa247,nshvm247,nshwn247,nshyam247,nsjanu7,nsjyrhl247,nsjyrm247,nsjyti247,nskd91,nskkmr247,nsklu247,nskmr247,nsknsh7,Nskrn247,Nskshr247,nsksn247,Nsksor247,nskunl247,Nskunl247,nsleo247,nslku247,nsmbsvr247,Nsmdn247,nsmdu247,nsmh247,nsmnkt247,nsmnnj247,nsmnoj247,nsmnooj247,nsmrjl247,nsmsh247,nsnadm7,nsnarsima7,nsngrs247,nsnkl7,Nsnkl7,nsnookrju247,nsnrgu247,nsnrsgalla7,nsnrsh247,nsntsh247,Nsntsh247,nsnyp247,nspinku247,nspndr247,nsprsd247,Nsprsnt247,nsprvn247,nspth247,nspuja91,nspvsai247,nspysh247,nsram247,Nsram247,nsramsh247,nsrashd247,nsrdy247,nsres247,nsrfz247,Nsrghu247,nsrhn247,nsrinvs7,nsrirm247,nsrjali247,nsrjpt7,nsrju247,nsrju7,nsrmk247,nsrnr7,Nsromi91,nsrrju247,nsrtn247,nssahb91,nssandp247,nssasi247,nssdpk247,nsshrt247,nssiva7,nssnny247,nssnu247,nssnuu247,nssnya7,nssonu7,nssrd247,nssrnu247,nssths247,nsstsh247,nssuneel247,nstym247,nsudk247,nsva7,nsvdra247,nsveen247,nsveer7,nsvenky247,nsvgn247,nsviks247,Nsviks247,nsvisal247,nsvjy247,nsvks247,nsvkt247,nsvky247,Nsvnd91,nsvnky247,nswsm247,nsyadjni247,nsyg247,Nsysh7,ntin7,nvn7,omkar9535,omp77,operator,paaras,pabitra123,Padma9381,pallapusubbarao,Panchalkrunal,Panda799,pankaj22,Pankaj77007,pankajsingh,pankj7,pankjj7,Panth01,pap7,papai1,Parewa2222,pari2275,Parkashnath,parmarc473,Parshuram12aa,parthlalu,patel9700,patelparth,patidar,paw247,pawan9959,PAWANG6,Pawarmahesh,PBabu68,pdschin7,Peersab9797,Pekumar,Pinkyjangid,Pinnelli,pkrn247,Pkrn247,pkrn7,pmchndn7,pmdeep7,pmdhmk7,pmdvs7,pmggg7,pmggn7,pmjatn7,pmjd7,pmjitd7,pmkhn7,pmmyd7,pmnju7,pmnsh7,pmprk7,pmprsnt7,pmram7,pmrja7,pmryl7,pmsdhkr7,pmtttt7,pmvdk7,pmvr9757,pnd7,pnkcs7,pnkjk7,pnraju7,pompi7,ppri7,Prabhjot0090,Prabhu99999,Prachi7,Prad889,pradeep247,pradeepankem,Pradeepgumla1,Pradhan900,prajwal13,Praka772,prakas,Prakash2497,praksh7,Pran21,prantesh,Prarambh22,prasad,prassu123,prathap308,prathapy7,pravee9611,praveen6234,prdmcs7,prdpcs7,premkumar74aj4,Pressy77,prince9665,pritam789,Priyanshujaya,Prkash999,prmscs7,prnm,prnv,prny7,Profitdhoom1420,promil7,prtsh247,prvallika7,prvin01,Ps3976,psabhny7,psdaya7,psgajju7,psikram7,pskir7,psmdzr7,pspnkkj7,psrhn7,psrmn7,pssaba247,pssadhu7,psvisl75909,Psvk,pthkcs7,pujeetha247,Punarv05,puneet00,punia1991,punia19911,PUNITHKUMAR3232,Puriyo,Puru54,pushpa123,r888666,raahulm,raajj77,raaju7,raam7656,raamm7,rahill7,rahul0099,rahul143,rahul4354,rahul7077,rahul87,RahulAttri786,rahuldj19,rahulkk,rahulkrrxl07,rahuraaz,raiina,raj169684,Raj1986,raj3112,raj5247,raja12,raja1700,raja25,raja3699,raja54321,Raja8819pavi,rajansi,rajashekar,rajat12,rajecs7,rajendra,rajesh1369,rajesh247,Rajesh9675,rajeshrao1993,rajeshwar,rajhila7,Rajhila7,rajjat7,rajjuu7,rajsw,raju1234,Raju5506,rajucs7,Rajugaru4919,rajupasila,rajus75696,rajusri,Rakesh0289,rakesh1212,rakrm247,ram12345,ram2418,ramacs2456,ramadevi,Ramana7143,rambbu7,ramcs7,ramesh123,Ramesh7123,ramk247,Ramk247,ramn77,Rampra756,ramshettyraju,ramudevara,Ramulakshmi,ramvarma,ran123,ranii777,ranil7,ranu7,rarti247,rarun7,rash7465,rashk7,Ratho12,ratkr,ravan1420,ravi12,Ravi6603,ravikumar998,Ravindar2,ravinder491,Ravindra230684,Ravirajsinh3440,Raviviratravi,Rawatpsingh,Rayachoty5,Rayappakallolli,Rayy4,rbabu555,rchandra7,rdhika7,rdra7,rdvrj7,rdx5434676,reddy11,reddy1212,Rehim,Renuka81,rfaizn7,Rganna221,rganna681,Rganna681,rgghu7,rgnga7,rguna7,rguru247,rguru7,rgvnd247,rgvvnd247,rhett,rhit7,rhmn7,rhmnsu7,rhul7,Ri98,rider00,rik7,rinku123,rissi,Ritu143Ritu,Rizwanra123,rjg7,Rjj247,Rjtkb7,rju7,rjucs7,rjuu777,rkirn7,Rkk6699,rkrngl7,rksh7,rkshn247,rkshth01,rkyadav,Rm8354,rmahndr7,rmathai7,rms7,rmsh247,rmshkb7,rmsr247,Rmsr247,rnjt7,Robinmac,robiul24,Rockers02,Rocky1056,rocky134,rocky2021,roger7,roh333,Rohan310an,rohibaba0707,rohii05,rohith,RohitRoy5955,roit7,romesh,roshini,rprj7","rprvn7,rraju7,rrama247,rratan7,rravi77,rrjs247,rrjsh7,rrjskr247,Rrjskr247,rrmesh7,rrrsinm,rrvi7,rsaii7,rsami7,rsathish7,rsbrdy7,rshivu247,rshni7,rshu7,rshv7,rsjt247,rsneha04,Rsneha04,rsrnvs247,rsuri7,rubel41,rudra52,rushidasange,rustam7,Rutikapate51,Rutikapte,rvenkt247,rvktsh7,rvmskrs7,rvshl247,rvsjt7,saamir7,Saanuthanu,saathi652,sachi1432,sachin01,Sachinsharma11,sagar12s,Sagar8755,Sahana9686,sahibb7,sahni73,sai1234,sai52378,saifu42,saikb247,sainaidu32,Sairam1728,sairanga,sairishi,saitej91,Saivignesh143,sajy7,sajykmr7,saleemkhan,sam007,samar12615,sameersaha,samer7,samir1,samkapoor,samrkb7,samvav,san123,Sanathlv,Sanchiit7,sandep77,sandy6,sangee,sanjay42,SANJAYKUMAR2255,Sanjib7602,Sanjt23,sanjudas1989,sanjuggg,sanjusk,sankarnagaakhil2000,Sankita7,Sanojkumar9016,Santhoshbittu1,santhu,santhu123,santosh80,santoshk3222,sanu1420,sanu15,sanusahu004,sapan001,sarfaraz104,saruk95,Sasmit1988,sathiah345,sathvik247,satish143,Satish9666,satnhu,satpalnath,satyayad,Sayab1,Sayil22,sayyed,schin111,schin777,schn777,scsrvn7,sdchnyru7,SDDP555,sdks7,sdprdip7,sdrshn7,Seema249,sendy42,sete,setty11,shadankhan111,shahbaz,shaheer7,Shahjahan9926,shahzad,shaikbasheer,Shaileshshori1,shakrid11,shalu,shameershameer5116,Shamra7,shankar77,shankar840,sharik7,shashcs7,shashisir1234,Shbhm247,shbnm7,shekar,shekharkanojiya,shhivam9234,Shidaray,shil124,shil19,shiv1988,shiva0528,shiva0909,shiva1303,shiva3555,Shivabharu,Shivaji143717,shivani333,Shivasharma8429,shivmm,Shivu897092,shkt7,shnskb7,Shoib786,Shrinika,shroy7,Shujath12,shv247,shvm777,shyamu7,shym7,shymvr7,sias7,Sibasankarsam,sid0212,Siddduuuuu,siddhu,siddik786,siku7488,sillentkiller1819,Silu8763902752,simran2001,singhania9002,sinha123pp,sintuy,siva2357,siva8241,sivakamadi766,sivaprasadvn,sivrkb7,sjdkhn,sjy7,sk1432,skbd7,skehan7,skngr247,sknth247,skriyaz123,skrnt77,skt247,skthcs7,Skumars,slalit247,sltncs247,smajn7,smamt7,smani7,smansri7,smbby7,smbla7,smbla77,smchd7,smdhv7,smdlp7,smdpak7,smdpk7,smdrj7,smer7,smgnshkr7,smgpl7,smgtm7,smhari7,smikbl7,smirn7,smitun247,smkrna247,smkt7,smktn7,smkv007,smlitk7,smmnu7,smnath247,smnrml7,Smnrml77,smnrnd7,smnrs7,smnsha7,smobn7,smpkba7,smprm7,Smprsd247,smpsd7,smqbl7,smqbl77,smrdh7,smrhl7,smrhll7,smrhm7,smrht7,smrhtt7,smrja7,smrjsh7,smrky7,smrngh7,smrnjn7,smrtyv247,smrud7,Smrul247,smsai7,smsjn7,smsknt247,smsni7,smsnu7,SMSNU77,smsonu7,smsrbh7,smstnam7,smstya7,smvk7,smvnd7,smyash7,smycs7,Snakelust09,snd247,sndiip,sndp247,sndray,snjkmrcs7,snkith7,snp247,Snp247,snthcs7,sntshkb7,sntu7,sntucs7,sohankumar02,Somerahul,Sona45612,Sonijiold,sonnu7,sonu1212,sonu123,sonu8199,sonucs7,sonur77,Sourabh2929,spap7,Spappi8,Sparrowman,SpikeNoob,spnl247,spnl7,sprbkr7,sprm7,sprmbgl7,sprmd7,sraam7,sravn7,Sree0413,sree44,srikant001,srikanth8004,srinivas123,srinivasri,srinu143,srinu247,Srinu934,srinuvas,srndr7,srnu247,srsh777,Srujanraj006,srvnn7,ss63,ssaai7,ssaand7,ssabas,ssabas7,ssabkhy247,ssablsh7,ssabn7,ssaditya7,ssadlu7,ssadrsh7,ssadti7,ssaffu7,ssagr7,ssahmd7,ssaib7,ssaidlp7,ssaif7,ssaii77,ssail7,ssailm7,ssaink7,ssajay7,ssajyp7,ssakash7,ssakhil7,ssakkh7,ssaks7,ssaksh7,ssakshy7,ssakt7,ssal7,ssalok7,ssalstr7,ssamer7,ssamit7,ssamla7,ssamn7,ssamn777,ssamne7,ssamnshg7,ssamnth7,ssamt7,ssamtpl247,ssamzt7,ssana7,ssanjt7,ssank7,ssankit7,ssankit777,ssankr7,ssankt7,ssanl7,ssanlb7,ssanml7,ssanop7,ssanrg7,ssantosh7,ssanu7,ssanurg7,ssarf7,ssarfk7,ssarif7,ssarish7,ssarjn7,ssarn7,ssarna7,ssarsn7,ssarun7,ssaruun7,ssarvnd247,ssarya7,ssasf7,ssash7,ssashish7,ssashiyd7,ssashk7,ssashtsh7,ssasih7,ssask7,ssaslm7,ssasu7,ssat7,ssatul7,ssavdhs7,ssavds7,ssavnd7,ssaysh7,SSBABU7,ssbabu777,ssbaj247,ssbalu7,ssbbl247,ssbblu7,ssbbr7,ssbbu7,Ssbhm247,ssbhm7,ssbhola7,ssbhrt7,ssbhrtm7,ssbhws7,ssbid7,ssbitu7,ssbji7,ssbjnd7,ssbll7,ssbsl7,ssbtu7,ssbu7,ssbunny7,sschanti7,sschd7,sschin7,sschn18,sschn7,sschndu7,sschrg7,sschtnk7,sschtu7,sschtuu7,sscn7,sscnd7,sscwd7,ssdas7,ssdeepk7,ssdepk7,ssdev7,ssdev77,ssdiyns7,ssdkkr7,ssdkr247,ssdkr7,ssdm7,ssdnl7,ssdns7,ssdnsh7,ssdon7,ssdp7,ssdpk7,ssdpkk7,ssdrmj7,ssdsh7,ssdtpw7,ssdvya7,ssejd7,ssfa7,Ssfa77,ssfdl7,ssgar7,ssggdhr7,ssgggu7,ssgn7,ssgnha7,ssgns7,ssgnsh7,ssgoda7,ssgpl7,ssgpta7,ssgrsk7,Ssgsh247,ssgtm7,ssgvrdns7,sshai247,sshail7,ssharsh7,sshasi7,sshfl7,sshila7,sshin7,sshiv7,sshivmpy7,sshkib7,sshl247,sshmshr7,sshmshu7,sshmsu7,sshnkrk7,sshnmnth7,sshri7,sshrk7,sshrkn7,sshrom7,sshrsa7","sshrsh7,sshruti247,sshsh7,sshtrnt7,sshtsh77,sshv7,sshva7,sshyam247,sshym7,ssifn7,ssikndr7,ssimr7,ssimrn7,ssindgj7,ssirfn7,ssirm7,ssisml7,ssiva7,ssivaa7,ssivva7,ssjagat247,ssjal7,ssjanu7,ssjd7,ssjeetu7,ssjeev7,ssjets7,ssjgt7,ssjhr7,ssjigo888,ssjiya7,ssjkmr7,ssjnga7,ssjngni7,ssjsgh247,ssjuhi7,ssjvd7,ssjy7,ssjynth247,ssjythi7,sskajim7,sskaml7,sskapil8,sskaru7,sskeel7,ssketn247,sskhan7,sskhr7,sskin7,sskisn7,sskkpji7,Ssklash7,sskldp7,ssklsh247,ssklsh7,ssklu7,sskmr7,sskmsh7,sskng247,ssknl7,ssknvi7,sskoml7,sskpr7,sskrn7,sskrnth7,sskrsh7,sskrshn7,sskrti7,ssksh7,sskshi7,sskshu7,ssksk7,ssksna7,sskylar7,ssllt7,sslmk7,sslu7,sslxmp7,ssma7,ssmahe7,ssmahsh7,ssmani7,ssmanoj7,ssmba7,ssmdfrh7,ssmdu7,ssmdv7,ssmdydv7,ssmdzkb7,ssmesh7,ssmgn7,ssmhd7,ssmhes7,ssmhesh7,ssmhmsh7,ssmhn247,ssmhn7,ssmhnb7,ssmhndrn247,ssmhr7,ssmhs7,ssmht7,ssmkh7,ssmkr7,ssmky7,ssmldri7,ssmna7,ssmndr7,ssmni7,ssmnj247,Ssmnj247,ssmnjju7,ssmnju7,ssmnjyy7,ssmnt7,ssmohit7,ssmoni7,ssmonu7,ssmr7,ssmrt7,ssmsaih247,ssmshr7,ssmstf7,ssmtl7,ssmtun7,ssnani247,ssnani7,ssnathu7,ssnavd7,ssnaveen7,ssnavn7,ssnd7,ssngrj247,ssngshwr247,ssngsmj7,ssnik7,ssnil7,ssnju7,ssnjv7,ssnjy7,ssnkhl7,ssnkhlg7,ssnky7,ssnl7,ssnlkb7,ssnni7,ssnnvn7,ssnresh7,ssnrj7,ssnrsh7,ssnrsim7,ssnrsm7,ssnsm7,ssntis7,ssntn7,ssntsh7,ssnu7,ssnvd7,ssnveen7,ssny777,ssogdrm7,ssomee7,ssonu7,Ssooo77,ssorv7,ssosm7,sspandy7,sspavn7,sspawan6,sspdi7,sspksai7,sspksh7,sspmd7,sspmp247,sspnc7,sspndy7,sspnna7,sspnt7,ssprb7,ssprdp7,sspriya7,ssprk7,ssprksh7,ssprm247,ssprm7,ssprmsh7,ssprna7,ssprnc7,ssprnt7,ssprsnt7,sspsu7,sspt7,ssptu7,sspura7,sspvcp7,sspwn7,sspyl7,ssqali7,ssraaj7,ssraaju7,ssraghu7,ssrahul7,ssraj7,ssraja7,ssrajk7,Ssrajk77,ssraju8,ssrajv7,ssrak7,ssram777,ssrambbu7,SSRAVI777,ssrb7,ssrbh7,ssrbn7,ssrghk7,ssrgsym7,ssrgu7,ssrhit7,ssrhl7,ssrhl777,ssrhlkh7,ssrhmt7,ssrhn7,ssrhtt247,ssrinkt7,ssrinvs7,ssritik7,ssritiksri247,ssrj7,ssrj77,ssrjli7,ssrjn7,ssrjpin7,ssrjr7,ssrjsh247,ssrjsh7,ssrjshkr7,ssrjsng7,ssrjv7,ssrk7,ssrkes7,ssrkksh7,ssrks7,ssrkst7,ssrky7,ssrl7,ssrm7,ssrmbbu7,ssrmds7,ssrmesh7,ssrmk7,ssrmks7,ssrmm7,ssrmrdy7,ssrms7,ssrmsh7,ssrmu7,ssrnb247,ssrnit247,ssrnjth247,ssrnkr7,ssrnkus247,ssroht7,ssrolx7,ssroni7,ssrrj7,ssrrvi7,ssrsh7,ssrsju247,ssrtk7,ssrtz7,ssruk7,ssrvi7,ssrvk7,ssrvnd7,ssrvni7,ssrzk7,ssshachin7,sssksva7,sssuman7,sstanu7,sstaprp247,sstarm7,sstarn7,sstbzk7,sstdl7,ssteja7,sstinku7,sstndh7,sstnku7,sstosf7,sstrdy7,sstrn7,sstshvrju7,sstukunas7,ssudhrds7,ssumitr7,ssunlky7,ssuny7,ssuraj7,ssurbh7,ssva7,ssvbhv7,ssvck7,ssvdsgr7,ssvena7,ssvhls7,SSVICKY7,ssvijy7,ssviksh7,ssvind7,ssvinit77,ssvipn7,ssviy7,ssvjy7,ssvkrm7,ssvks247,ssvkt7,ssvktsh247,ssvktsh7,ssvmse7,ssvnkt7,ssvnkts7,ssvnsh7,ssvny7,ssvrdn7,ssvrmk7,ssvrt7,ssvru7,ssvsl7,ssvts7,ssvvk7,ssvvksrma247,ssvvksrma7,sswam7,sswar7,sswsmk7,ssygs7,ssygsh7,ssygshk7,ssym7,ssyogsh7,ssysmra7,st98989,steju7,stnsh7,stracstar,stsh7,stye7,subba7,subho1,subho12,Sudheer77bojja,sudhir247,sudipto26,suhail786,sujan1985,SUJEET550,Sukeshc11,sukeshh,suknt7,Sumit9713,sumitkb7,Sunalii332,suneet6777,Sunilp4445,sunlgrv,sunn43,sunnybora8374,sunnykb7,sunrs247,sunys7,suraj01,Surely,surench,Surendra964,Surenthar7,surraya11,sursh7,surya1432,suryapatel,susanta7,svkrma,svu77,swapnil1993,swmy7,swmycs7,SWN094,Tabuimran,tadvi7,talluri638,Tanvirtanu,tarique8412,tarun2233,tarun9958,Tarun9958,tasleem,teju2104,teju2304,teju9055,Terroravi,test,testuser,thakur9691,Thejack,thkb7,thnu7,tilakr,TINKUMJ1991,tran7,tufan701,tuntun7,udaynaik,Ukhanjeni,umaa77,umaima77,Umea,umesh312017,Upendra3010,usmnkb7,vaibhav,vairus101,vamscs7,vamshikrishna,vamsi143,Vamsi365,vanktsh7,vansh2152,Varshiakku14387,varun431,vcky143,Vedant74,Veenel,Veer8881,veeru97422,veeruswamy,venish890,VENKAT6268,venkey7,venu1264,vid7,vihaanram,vijay07,vijay123,vijay2207,vijay231205,VikasDipti4474,vikash613,vikash6325,vikassv,vikram00786,vilasrao7,vinaykumar,vinayraj,vinayy7,vipinyadav,Virat9797,viruscs7,vishal0902,vishal123,vishal123b,vishal63,vishalkumar0602,vishnu123412,vishveshshahi,vishwanath,Vivek2801,Vivek89m,vjt7,vjyy7,vk1417,vkrmcs7,vksg7,vmuralimohan,vndcs7,vve7,vvij7,vvk7,Waheed7771,whidcs7,whynotgoutham,wmamrd7,wmdrndra247,wmkmr7,wmkrn7,wmkrtkswr7,wmlvji7,wmriyz7,wmsrgyn7,wmswndp7,wmtanu777,wmvnt7,wmvshl247,wnldp7,xmby7,Yadavshravan,yadn,yadn247,yanand247","yasaswini1,yash45612,yash9667,Yashodharam89,yashu143019,Yashwanth1717,yatendra7,yayn7,ybaba7,ycadit247,ydjy247,ydpk7,yfaiz7,yggrv247,ygi7,ygnh7,ygshk7,yharvr7,ykldp7,ymanj7,ymgsh,ymhh7,ymhhkl247,ymhsh247,ymndnrj247,ymnj7,ymudn7,ymynk7,yngro7,ynrsh7,YNvnn247,ypkj7,yprdp77,yprsd247,yprsd7,yprth7,yradhika7,yrdk247,yrit7,yrjshh247,yrjun7,yrmnjl7,yrvkt7,ysdhwr,ysdu7,yshb7,Yshkb77,yshlm247,yshlm7,yshrj7,ysny7,ysrnvs7,ysrnya7,ysursh7,ytrdy7,ytsh7,Yusna786,yuvraj1208,yuvrj7,yvikm247,yviraj,yvppl247,yvsl7,zack2525,zackaltman,zw8926"